name	d (m)	v1	v2	angle1 (deg)	angle2 (deg)	waypoints
a001	248	v1	v2	52	-165	-0.3614116,50.8329659,0 -0.3612185,50.8330607,0 -0.35918,50.8344837,0 -0.3591156,50.8346328,0
a002	366	v2	v3	-16	-174	-0.3591156,50.8346328,0 -0.3594375,50.8353239,0 -0.3595233,50.8356491,0 -0.359652,50.8364622,0 -0.359695,50.8368688,0 -0.3595018,50.8375057,0 -0.3594375,50.8378715,0
a003	358	v2	v4	83	-84	-0.3591156,50.8346328,0 -0.3578067,50.8347412,0 -0.357399,50.8347683,0 -0.356884,50.8349038,0 -0.356369,50.8348767,0 -0.3540945,50.8347141,0
a004	99	v5	v3	-170	-34	-0.3597164,50.8386846,0 -0.3598237,50.8383052,0 -0.3597164,50.838129,0 -0.3594375,50.8378715,0
a005	379	v3	v6	92	-86	-0.3594375,50.8378715,0 -0.357914,50.8378309,0 -0.3567123,50.8378715,0 -0.3540516,50.8377631,0
a006	229	v4	v7	3	-179	-0.3540945,50.8347141,0 -0.354073,50.8350122,0 -0.3545237,50.8350529,0 -0.3544593,50.835473,0 -0.3543091,50.835866,0 -0.3542233,50.8362454,0 -0.3542125,50.8365096,0
a007	283	v8	v9	29	166	-0.3521848,50.8346192,0 -0.3518414,50.8350122,0 -0.3517556,50.8352968,0 -0.3517556,50.8359202,0 -0.3516912,50.8365571,0 -0.3512836,50.8366248,0 -0.3513908,50.8368959,0
a008	183	v6	v10	91	-85	-0.3540516,50.8377631,0 -0.3523993,50.837736,0 -0.3514552,50.8376818,0
a009	91	v9	v10	-21	-164	-0.3513908,50.8368959,0 -0.3515625,50.8371804,0 -0.3515625,50.8374515,0 -0.3514552,50.8376818,0
a010	322	v9	v11	81	-100	-0.3513908,50.8368959,0 -0.3499746,50.8370449,0 -0.3481507,50.8372211,0 -0.346874,50.8373701,0
a011	49	v10	v12	11	-169	-0.3514552,50.8376818,0 -0.3513265,50.8381154,0
a012	430	v12	v13	97	-7	-0.3513265,50.8381154,0 -0.3486657,50.8379122,0 -0.346992,50.8377902,0 -0.3455758,50.8377496,0 -0.3455329,50.8375328,0
a013	206	v13	v14	77	-92	-0.3455329,50.8375328,0 -0.3443098,50.8377089,0 -0.3433657,50.8377902,0 -0.3426361,50.8378038,0
a014	359	v15	v8	-90	105	-0.3471315,50.8343211,0 -0.3478718,50.8343211,0 -0.3507471,50.8343753,0 -0.3521848,50.8346192,0
a015	315	v14	v16	-12	-172	-0.3426361,50.8378038,0 -0.3427219,50.8380612,0 -0.3426576,50.8382239,0 -0.3424644,50.8386981,0 -0.3422284,50.8393621,0 -0.3420997,50.8396602,0 -0.3420782,50.8402022,0 -0.3419924,50.8405816,0
a016	652	v17	v18	94	171	-0.3404045,50.8432645,0 -0.3398037,50.8432374,0 -0.3387094,50.8431696,0 -0.3369498,50.8430748,0 -0.3354478,50.8429664,0 -0.3332162,50.8428444,0 -0.332036,50.8427225,0 -0.3320146,50.8429122,0 -0.3321004,50.8432645,0
a017	55	v17	v19	-17	163	-0.3404045,50.8432645,0 -0.3406405,50.8437387,0
a018	375	v17	v16	-175	106	-0.3404045,50.8432645,0 -0.340426,50.8430951,0 -0.3403616,50.8428038,0 -0.3403616,50.8426412,0 -0.340308,50.8411372,0 -0.3405225,50.841022,0 -0.3416169,50.8406358,0 -0.34181,50.8405478,0 -0.3419924,50.8405816,0
a019	599	v20	v19	140	36	-0.3432584,50.8483994,0 -0.3427005,50.8479794,0 -0.3415632,50.8471394,0 -0.3407907,50.8465162,0 -0.3405333,50.8462452,0 -0.3405333,50.8460014,0 -0.3408122,50.8455949,0 -0.3409624,50.8452697,0 -0.3408766,50.8449039,0 -0.3406191,50.8442265,0 -0.3404689,50.8438877,0 -0.3406405,50.8437387,0
a020	156	v19	v21	-69	110	-0.3406405,50.8437387,0 -0.34078,50.8437726,0 -0.3425395,50.8437116,0 -0.3428292,50.8437793,0
a021	104	v18	v22	83	-86	-0.3321004,50.8432645,0 -0.3313494,50.8433187,0 -0.3306198,50.8432882,0
a022	591	v23	v24	94	-139	-0.3284311,50.8429257,0 -0.3278732,50.8428986,0 -0.3268433,50.8429528,0 -0.3248906,50.8428851,0 -0.3232598,50.8428851,0 -0.3229165,50.8428986,0 -0.3222942,50.8432238,0 -0.3217578,50.8434406,0 -0.3210926,50.8437116,0 -0.3206635,50.8440232,0
a023	2066	v24	v25	111	-135	-0.3206635,50.8440232,0 -0.3197622,50.8438064,0 -0.3190112,50.8438742,0 -0.3191185,50.8441587,0 -0.3183889,50.8447955,0 -0.317831,50.8449175,0 -0.3167367,50.847153,0 -0.3162217,50.8474646,0 -0.3159428,50.8475594,0 -0.3156638,50.8477762,0 -0.3151703,50.8479929,0 -0.3149343,50.8483045,0 -0.3141618,50.84928,0 -0.3135824,50.8502012,0 -0.3134966,50.8503638,0 -0.3131747,50.850418,0 -0.3129601,50.8507702,0 -0.3125954,50.8513798,0 -0.312016,50.8518675,0 -0.311265,50.8526126,0 -0.3108573,50.8530867,0 -0.3104496,50.8538046,0 -0.3104067,50.8547529,0 -0.3104496,50.856121,0 -0.3102994,50.8575433,0 -0.309999,50.8580986,0 -0.3096557,50.8586404,0 -0.3096557,50.8588165,0 -0.3089046,50.8592906,0
a024	760	v26	v27	139	-51	-0.3329372,50.8512985,0 -0.3321862,50.8507566,0 -0.3313279,50.8502283,0 -0.3297615,50.8492529,0 -0.3284526,50.8483452,0 -0.3277016,50.8479929,0 -0.3269291,50.8475865,0 -0.3253627,50.8468549,0 -0.325014,50.8466771,0
a025	817	v28	v29	105	25	-0.3330231,50.8503096,0 -0.3323793,50.8502012,0 -0.3317142,50.8499167,0 -0.3304696,50.8491851,0 -0.3286457,50.8481826,0 -0.3278518,50.8476678,0 -0.3266501,50.8468007,0 -0.3262424,50.8464349,0 -0.3259635,50.8461775,0 -0.3264356,50.8457033,0 -0.3268647,50.8451342,0
a026	518	v28	v30	-173	0	-0.3330231,50.8503096,0 -0.3331089,50.8498896,0 -0.333066,50.8493342,0 -0.3329802,50.8489277,0 -0.3327656,50.8484942,0 -0.3325939,50.8480878,0 -0.3325081,50.8477355,0 -0.3323579,50.8472072,0 -0.3322721,50.8470039,0 -0.3319716,50.8461097,0 -0.3319716,50.8457304,0
a027	1985	v25	v31	93	90	-0.3089046,50.8592906,0 -0.3085399,50.859277,0 -0.3083038,50.8594125,0 -0.3083253,50.859575,0 -0.3090978,50.8598323,0 -0.3091192,50.8600491,0 -0.308733,50.8600626,0 -0.3081536,50.8599272,0 -0.307703,50.8599949,0 -0.3063083,50.860645,0 -0.3070593,50.8611597,0 -0.3074241,50.8613628,0 -0.3076386,50.861715,0 -0.3076386,50.8622297,0 -0.3074884,50.8625547,0 -0.3073812,50.8638955,0 -0.3075528,50.8656832,0 -0.3076601,50.8662249,0 -0.3075957,50.8670781,0 -0.3071022,50.8679177,0 -0.3068233,50.8683781,0 -0.3066945,50.8691365,0 -0.3062439,50.8700302,0 -0.3057289,50.8707073,0 -0.3052139,50.8711271,0 -0.3052783,50.8713167,0 -0.3065014,50.8718989,0 -0.3071237,50.8720208,0 -0.3078318,50.8723052,0 -0.3083682,50.8725895,0 -0.308733,50.872752,0 -0.3090549,50.8728603,0 -0.309484,50.8728603,0
a028	2417	v25	v32	-68	90	-0.3089046,50.8592906,0 -0.309484,50.8594395,0 -0.309999,50.859575,0 -0.3105783,50.859724,0 -0.310986,50.8597646,0 -0.3124022,50.8598323,0 -0.3139687,50.859873,0 -0.3142047,50.8599272,0 -0.3159213,50.8601439,0 -0.3162217,50.8602116,0 -0.3175092,50.8607398,0 -0.3183675,50.8611732,0 -0.3189468,50.8614577,0 -0.3194833,50.8617421,0 -0.3215003,50.862013,0 -0.3219295,50.8619046,0 -0.3273582,50.8608753,0 -0.3282166,50.860645,0 -0.3322291,50.8599272,0 -0.336349,50.8592499,0 -0.3377867,50.8590468,0 -0.3388596,50.859277,0 -0.3397393,50.8594531,0 -0.3410697,50.8594666,0 -0.3414989,50.8594666,0
a029	41	v32	v33	138	-42	-0.3414989,50.8594666,0 -0.3411126,50.8591957,0
a030	81	v33	v34	-166	14	-0.3411126,50.8591957,0 -0.3413916,50.8584914,0
a031	153	v34	v35	-95	85	-0.3413916,50.8584914,0 -0.3435588,50.8583831,0
a032	141	v32	v36	-84	96	-0.3414989,50.8594666,0 -0.3434944,50.8596021,0
a033	169	v34	v37	-177	3	-0.3413916,50.8584914,0 -0.3415203,50.8569744,0
a034	208	v37	v38	54	-119	-0.3415203,50.8569744,0 -0.3409624,50.8572317,0 -0.3404689,50.8573943,0 -0.3395891,50.85776,0 -0.3390098,50.8579632,0
a035	764	v39	v40	142	-56	-0.3411126,50.8557282,0 -0.3406191,50.8553353,0 -0.3400612,50.8549967,0 -0.3395462,50.8546174,0 -0.3391171,50.8541568,0 -0.3383875,50.8536963,0 -0.3374219,50.8531273,0 -0.3361988,50.8524906,0 -0.3357482,50.8522062,0 -0.3349328,50.8518675,0 -0.3337312,50.8511766,0 -0.3333235,50.8510005,0
a036	203	v33	v38	131	-38	-0.3411126,50.8591957,0 -0.3406191,50.8589249,0 -0.3403187,50.8588165,0 -0.3396106,50.8584508,0 -0.3390098,50.8579632,0
a037	870	v38	v26	158	-33	-0.3390098,50.8579632,0 -0.3387094,50.8575026,0 -0.3384948,50.8571098,0 -0.3382802,50.8566493,0 -0.3381515,50.8561075,0 -0.3379583,50.8556469,0 -0.3377438,50.8553895,0 -0.3372931,50.854929,0 -0.3367567,50.854482,0 -0.3358984,50.853913,0 -0.3349543,50.853317,0 -0.3343534,50.8527209,0 -0.3334522,50.8517998,0 -0.3329372,50.8512985,0
a038	43	v26	v40	-141	39	-0.3329372,50.8512985,0 -0.3333235,50.8510005,0
a039	82	v40	v28	176	-29	-0.3333235,50.8510005,0 -0.3332806,50.8506076,0 -0.3330231,50.8503096,0
a040	572	v28	v41	-63	51	-0.3330231,50.8503096,0 -0.3334522,50.8504451,0 -0.3344607,50.8506076,0 -0.3354049,50.850716,0 -0.3364348,50.850716,0 -0.3375721,50.850716,0 -0.3385162,50.8507025,0 -0.3393745,50.8505128,0 -0.3401899,50.8502012,0 -0.3407264,50.8499269,0
a041	1236	v35	v42	-148	10	-0.3435588,50.8583831,0 -0.3440952,50.8578413,0 -0.3446102,50.8569744,0 -0.3451252,50.8563784,0 -0.345726,50.8557011,0 -0.3459406,50.8551322,0 -0.3458118,50.854211,0 -0.345211,50.8533441,0 -0.3450394,50.8524229,0 -0.3450394,50.8517727,0 -0.3450823,50.8508515,0 -0.3450823,50.8502012,0 -0.3444386,50.8493613,0 -0.3441381,50.8486026,0 -0.3443527,50.8478439,0
a042	107	v20	v42	-82	43	-0.3432584,50.8483994,0 -0.3435588,50.8484265,0 -0.3439879,50.8480878,0 -0.3443527,50.8478439,0
a043	291	v42	v43	180	-3	-0.3443527,50.8478439,0 -0.3443527,50.8476271,0 -0.3441811,50.8470446,0 -0.3441811,50.8465839,0 -0.3441381,50.8462588,0 -0.3440738,50.8458117,0 -0.3440309,50.8452426,0
a044	185	v43	v21	167	-33	-0.3440309,50.8452426,0 -0.3439021,50.8448904,0 -0.3436232,50.8445652,0 -0.3433228,50.8443349,0 -0.3430223,50.843969,0 -0.3428292,50.8437793,0
a045	361	v16	v21	-11	162	-0.3419924,50.8405816,0 -0.3421211,50.8410152,0 -0.342164,50.841232,0 -0.3422499,50.8415166,0 -0.3422928,50.8417605,0 -0.3424215,50.8422754,0 -0.3424644,50.8427089,0 -0.3425503,50.8429664,0 -0.3426147,50.8432916,0 -0.342679,50.8434948,0 -0.3428292,50.8437793,0
a046	1225	v44	v12	161	3	-0.3484297,50.846882,0 -0.3481507,50.8463672,0 -0.3479362,50.8458523,0 -0.3475499,50.8452291,0 -0.3473353,50.8448091,0 -0.3470778,50.84424,0 -0.3469062,50.8437387,0 -0.3467989,50.8431967,0 -0.3466272,50.8427767,0 -0.3461552,50.8421399,0 -0.3460693,50.8418418,0 -0.3462625,50.8413404,0 -0.3466702,50.8410288,0 -0.347271,50.8406494,0 -0.3477645,50.8404868,0 -0.3489017,50.8403242,0 -0.3501034,50.8401345,0 -0.3507042,50.8400125,0 -0.3511333,50.839728,0 -0.3512406,50.8392944,0 -0.3513265,50.8381154,0
a047	375	v44	v43	110	-87	-0.3484297,50.846882,0 -0.348022,50.8467872,0 -0.3477645,50.8465568,0 -0.3469706,50.8461775,0 -0.3460693,50.845622,0 -0.3455329,50.845351,0 -0.3447819,50.8452697,0 -0.3440309,50.8452426,0
a048	751	v44	v45	-13	165	-0.3484297,50.846882,0 -0.3486013,50.8473697,0 -0.3488159,50.8476813,0 -0.3493524,50.848562,0 -0.3497171,50.8491039,0 -0.3502107,50.8497677,0 -0.3503823,50.8501877,0 -0.3506398,50.8504451,0 -0.3509831,50.8507566,0 -0.3512406,50.8512714,0 -0.3516269,50.8524365,0 -0.3519487,50.8532086,0
a049	827	v45	v46	5	-167	-0.3519487,50.8532086,0 -0.3519273,50.8533712,0 -0.3514767,50.8537911,0 -0.3504896,50.8543736,0 -0.3495455,50.8548748,0 -0.3493309,50.8551186,0 -0.3495669,50.8555927,0 -0.3500819,50.8563106,0 -0.3504896,50.8570963,0 -0.3506827,50.8577058,0 -0.3507257,50.8581663,0 -0.3506613,50.8586675,0 -0.3505325,50.8593176,0 -0.3503609,50.8598053,0
a050	1112	v47	v48	180	-31	-0.3573346,50.8608888,0 -0.3573346,50.8606992,0 -0.3575921,50.8602387,0 -0.3580213,50.8593854,0 -0.3593087,50.8569744,0 -0.3595233,50.8564867,0 -0.3592443,50.8563377,0 -0.3589869,50.8562429,0 -0.3583431,50.8562565,0 -0.3575921,50.8560262,0 -0.3566051,50.8555927,0 -0.3561974,50.8552541,0 -0.3551459,50.8544413,0 -0.3539228,50.8534118,0 -0.3535151,50.8529783,0
a051	116	v45	v48	-82	80	-0.3519487,50.8532086,0 -0.3522706,50.8532357,0 -0.3529143,50.8530461,0 -0.3535151,50.8529783,0
a052	418	v48	v49	-105	-25	-0.3535151,50.8529783,0 -0.353837,50.8529241,0 -0.3539658,50.8527887,0 -0.3543091,50.8522739,0 -0.3546095,50.8519623,0 -0.3546953,50.851583,0 -0.3548455,50.8511901,0 -0.3550601,50.8508108,0 -0.3555751,50.850296,0 -0.3559399,50.8499167,0 -0.3557897,50.8497135,0
a053	399	v49	v50	153	59	-0.3557897,50.8497135,0 -0.355382,50.8492122,0 -0.3551459,50.84886,0 -0.354867,50.8486432,0 -0.3547812,50.8481013,0 -0.3548026,50.8477355,0 -0.3549957,50.8474917,0 -0.3551888,50.8472072,0 -0.3554034,50.8469904,0 -0.355854,50.8468278,0 -0.3562403,50.8466788,0
a054	215	v50	v51	-137	21	-0.3562403,50.8466788,0 -0.3566051,50.8464349,0 -0.3567123,50.8462181,0 -0.3568625,50.8458117,0 -0.3569055,50.8453781,0 -0.3569913,50.8450529,0 -0.3570986,50.8448768,0
a055	1342	v52	v50	135	-5	-0.3672266,50.8560668,0 -0.3663254,50.8554979,0 -0.3656602,50.8552134,0 -0.364995,50.8548748,0 -0.3643513,50.8544684,0 -0.3634715,50.854211,0 -0.3625917,50.8538453,0 -0.3620124,50.8533305,0 -0.3617549,50.8528699,0 -0.3614974,50.8523823,0 -0.3611541,50.8520842,0 -0.3603387,50.8515424,0 -0.3597379,50.8504992,0 -0.3591156,50.8499032,0 -0.3585577,50.8490903,0 -0.3581929,50.8487787,0 -0.3570986,50.84802,0 -0.3564119,50.847451,0 -0.3562832,50.8469768,0 -0.3562403,50.8466788,0
a056	1506	v53	v49	112	-111	-0.3676343,50.8602251,0 -0.367012,50.8600626,0 -0.36654,50.8596156,0 -0.3659821,50.8590197,0 -0.3654242,50.8584779,0 -0.3649735,50.8580851,0 -0.3642654,50.8574755,0 -0.3636432,50.8570015,0 -0.3629351,50.8565138,0 -0.3623128,50.8559991,0 -0.3617978,50.8557146,0 -0.3608751,50.8551999,0 -0.3604245,50.8546445,0 -0.3602743,50.854211,0 -0.3598881,50.8534389,0 -0.3598452,50.8530461,0 -0.3594589,50.8523552,0 -0.3589654,50.8516643,0 -0.3586006,50.8512579,0 -0.3582788,50.8506483,0 -0.3577852,50.8502283,0 -0.3567553,50.8497812,0 -0.3562832,50.8495916,0 -0.3557897,50.8497135,0
a057	999	v51	v6	157	6	-0.3570986,50.8448768,0 -0.3566051,50.8441452,0 -0.3563905,50.8437251,0 -0.3561544,50.8431832,0 -0.3560257,50.8429935,0 -0.356133,50.8424922,0 -0.3554249,50.8424244,0 -0.3540087,50.8423973,0 -0.3534937,50.8423838,0 -0.3536868,50.8418011,0 -0.3537512,50.8409339,0 -0.3538585,50.8400938,0 -0.3538585,50.8395789,0 -0.3536224,50.8395383,0 -0.3538156,50.8394028,0 -0.3538585,50.8388472,0 -0.3539658,50.8383187,0 -0.3540516,50.8377631,0
a058	749	v51	v5	-140	13	-0.3570986,50.8448768,0 -0.3574204,50.8446329,0 -0.3579783,50.8443078,0 -0.3583431,50.8440774,0 -0.3584719,50.8438471,0 -0.3586435,50.8436168,0 -0.3588581,50.8433187,0 -0.3590941,50.8430341,0 -0.3594589,50.8426276,0 -0.359695,50.8421534,0 -0.3598452,50.8417334,0 -0.3598237,50.8412998,0 -0.3597379,50.8410017,0 -0.3596091,50.8405952,0 -0.3595448,50.8400532,0 -0.3595877,50.8396602,0 -0.3596306,50.8391724,0 -0.3596306,50.8389285,0 -0.3597164,50.8386846,0
a059	632	v5	v54	-95	-22	-0.3597164,50.8386846,0 -0.360682,50.8386304,0 -0.3615832,50.8386575,0 -0.3636861,50.8386304,0 -0.3638792,50.8384136,0 -0.3640294,50.8381967,0 -0.3649306,50.8381425,0 -0.3662395,50.8380748,0 -0.366497,50.8380341,0 -0.36654,50.8374921,0 -0.36654,50.8372075,0 -0.3663683,50.8369365,0
a060	342	v54	v55	142	-7	-0.3663683,50.8369365,0 -0.3658962,50.8365571,0 -0.3655958,50.8362996,0 -0.3653812,50.8358389,0 -0.3653169,50.8354052,0 -0.3651237,50.8352155,0 -0.3648019,50.8349851,0 -0.3645873,50.8347547,0 -0.36448,50.8341991,0
a061	449	v54	v56	-96	-10	-0.3663683,50.8369365,0 -0.3672266,50.8368823,0 -0.3676772,50.836923,0 -0.3680634,50.8368145,0 -0.3680634,50.8363809,0 -0.3679776,50.8359202,0 -0.3678703,50.8357304,0 -0.3679776,50.8353917,0 -0.3678918,50.8351342,0 -0.3674626,50.8351342,0 -0.3674197,50.8348225,0 -0.3672481,50.8341855,0
a062	197	v56	v55	110	-88	-0.3672481,50.8341855,0 -0.3668404,50.8340907,0 -0.3658748,50.8341584,0 -0.3651452,50.8342126,0 -0.36448,50.8341991,0
a063	264	v55	v57	124	-92	-0.36448,50.8341991,0 -0.3639436,50.8339687,0 -0.3631067,50.8338467,0 -0.3628922,50.8337654,0 -0.3628707,50.8332504,0 -0.3627849,50.8329116,0 -0.3623986,50.832871,0 -0.3621411,50.8328778,0
a064	383	v56	v58	171	29	-0.3672481,50.8341855,0 -0.3670979,50.8335893,0 -0.3670979,50.8328168,0 -0.3670979,50.8323424,0 -0.3669691,50.8318817,0 -0.3669906,50.8315293,0 -0.3671622,50.8311227,0 -0.3674304,50.8308178,0
a065	238	v59	v56	88	-96	-0.3706384,50.8340907,0 -0.3694367,50.8341178,0 -0.3678918,50.8341449,0 -0.3672481,50.8341855,0
a066	39	v60	v59	83	-97	-0.3711963,50.83405,0 -0.3706384,50.8340907,0
a067	365	v61	v60	5	168	-0.3703165,50.8308381,0 -0.3702521,50.8312718,0 -0.3704667,50.831719,0 -0.3708744,50.8331149,0 -0.3711963,50.83405,0
a068	356	v62	v63	86	-125	-0.3764105,50.8303502,0 -0.3758526,50.8303773,0 -0.3747153,50.8304586,0 -0.3734708,50.830567,0 -0.3726983,50.8306348,0 -0.3718615,50.830689,0 -0.3715932,50.8308042,0 -0.3714538,50.8308652,0
a069	244	v64	v65	87	-113	-0.3768182,50.8333724,0 -0.3758955,50.8333995,0 -0.374887,50.8334131,0 -0.3740716,50.833535,0 -0.3734279,50.8337112,0
a070	32	v60	v66	-95	85	-0.3711963,50.83405,0 -0.3716469,50.8340229,0
a071	756	v59	v67	-21	179	-0.3706384,50.8340907,0 -0.3708529,50.834443,0 -0.3709173,50.834836,0 -0.3709817,50.8354052,0 -0.3710246,50.836137,0 -0.3711104,50.8366384,0 -0.3712392,50.837072,0 -0.3711319,50.8376954,0 -0.3710675,50.8386033,0 -0.3709173,50.8393757,0 -0.3709173,50.8398364,0 -0.3707457,50.8402835,0 -0.3707671,50.8408255,0
a072	320	v67	v68	-88	122	-0.3707671,50.8408255,0 -0.3712821,50.8408391,0 -0.3718615,50.8407578,0 -0.3727198,50.8407578,0 -0.373621,50.84069,0 -0.3742218,50.8407307,0 -0.3749728,50.8407578,0 -0.3752518,50.8408662,0
a073	543	v67	v69	9	-150	-0.3707671,50.8408255,0 -0.3706384,50.8413404,0 -0.370574,50.8420721,0 -0.3704023,50.8426276,0 -0.3701019,50.8433051,0 -0.3698015,50.8439013,0 -0.3693509,50.8446058,0 -0.3689861,50.8450936,0 -0.3686428,50.845473,0
a074	105	v69	v70	-58	65	-0.3686428,50.845473,0 -0.3696084,50.8458523,0 -0.3699303,50.8457575,0
a075	1101	v69	v71	26	170	-0.3686428,50.845473,0 -0.3682137,50.8460284,0 -0.3679132,50.8464891,0 -0.367806,50.8470446,0 -0.3678274,50.8473155,0 -0.3679991,50.8483045,0 -0.3682566,50.8493342,0 -0.3684497,50.8505534,0 -0.3686213,50.8507973,0 -0.3687286,50.8513392,0 -0.3689432,50.8523687,0 -0.369072,50.8534389,0 -0.3690505,50.8536692,0 -0.3692222,50.8538724,0 -0.369308,50.8547935,0 -0.3694153,50.8551728,0
a076	183	v71	v52	57	-118	-0.3694153,50.8551728,0 -0.3688574,50.8554031,0 -0.3677416,50.8558907,0 -0.3672266,50.8560668,0
a077	34	v52	v72	13	-167	-0.3672266,50.8560668,0 -0.3671193,50.8563648,0
a078	443	v72	v53	15	-164	-0.3671193,50.8563648,0 -0.3669262,50.8568118,0 -0.3672695,50.8574349,0 -0.3676987,50.8581663,0 -0.3678918,50.8589113,0 -0.3677845,50.8599001,0 -0.3676343,50.8602251,0
a079	880	v72	v73	-45	127	-0.3671193,50.8563648,0 -0.367527,50.8566222,0 -0.3680849,50.8570556,0 -0.3683424,50.8573265,0 -0.3689647,50.8577735,0 -0.3692651,50.8581257,0 -0.3696084,50.8584101,0 -0.370059,50.8587894,0 -0.3706384,50.8592228,0 -0.3711748,50.8595885,0 -0.3717113,50.8599678,0 -0.3726339,50.8602522,0 -0.373385,50.8605367,0 -0.3742218,50.8607804,0 -0.3753591,50.8610513,0 -0.3762817,50.8614847,0
a080	671	v74	v75	127	-48	-0.3763461,50.8637059,0 -0.3757453,50.8634215,0 -0.3748012,50.8630016,0 -0.3743291,50.862812,0 -0.3737712,50.8626901,0 -0.3730416,50.8623922,0 -0.3722477,50.8620807,0 -0.3714538,50.8618911,0 -0.3708315,50.8615525,0 -0.3698015,50.8610513,0 -0.3687286,50.8606856,0 -0.3683424,50.8604689,0
a081	481	v73	v76	-32	101	-0.3762817,50.8614847,0 -0.3767753,50.8619859,0 -0.3772473,50.862338,0 -0.3778052,50.8625818,0 -0.3781486,50.8628527,0 -0.3787494,50.8631506,0 -0.3793716,50.8636111,0 -0.3800368,50.8638413,0 -0.3807878,50.8640445,0 -0.3814316,50.8641258,0
a082	440	v77	v78	112	-78	-0.3823543,50.8647487,0 -0.3816032,50.8645591,0 -0.3807878,50.8645591,0 -0.3796935,50.8645456,0 -0.3788781,50.8644237,0 -0.3776765,50.864058,0 -0.3763247,50.863882,0
a083	794	v78	v79	106	-93	-0.3763247,50.863882,0 -0.3757238,50.8637736,0 -0.3750587,50.8636788,0 -0.3743935,50.8635434,0 -0.3731489,50.863435,0 -0.3719687,50.863259,0 -0.3708315,50.8631371,0 -0.3695226,50.8630965,0 -0.368042,50.8630287,0 -0.366497,50.8628933,0 -0.3655744,50.8628256,0 -0.3651667,50.8628391,0
a084	1492	v80	v47	-173	-16	-0.3507042,50.8732801,0 -0.35079,50.8728468,0 -0.3515196,50.8718448,0 -0.3521204,50.8707615,0 -0.3526783,50.8698677,0 -0.35285,50.8693261,0 -0.3526783,50.8684323,0 -0.352807,50.8678365,0 -0.3532791,50.8665906,0 -0.3536654,50.8656967,0 -0.3542233,50.8649113,0 -0.3551674,50.8640445,0 -0.3563261,50.8629339,0 -0.3570127,50.8622567,0 -0.3574848,50.8617421,0 -0.3574848,50.8612274,0 -0.3573346,50.8608888,0
a085	578	v81	v82	163	-33	-0.3493738,50.8731718,0 -0.3489447,50.8722781,0 -0.3483009,50.8711136,0 -0.3473997,50.8700844,0 -0.3465414,50.8689198,0 -0.3460479,50.8684459,0
a086	1054	v82	v32	160	-21	-0.3460479,50.8684459,0 -0.3456616,50.8677823,0 -0.3451681,50.8673896,0 -0.3448462,50.866902,0 -0.3445029,50.8661437,0 -0.3440309,50.8648435,0 -0.3436661,50.863882,0 -0.3433228,50.8628798,0 -0.3430223,50.8622026,0 -0.3428292,50.8616473,0 -0.3425503,50.8611732,0 -0.3418422,50.860022,0 -0.3414989,50.8594666,0
a087	2311	v83	v84	117	15	-0.3736639,50.8900674,0 -0.3717327,50.8894448,0 -0.3696728,50.8886868,0 -0.367527,50.8879287,0 -0.3651667,50.887279,0 -0.3641367,50.8869812,0 -0.3615189,50.8869812,0 -0.3600597,50.8865209,0 -0.3584719,50.8858712,0 -0.3560257,50.8842738,0 -0.3540945,50.8830554,0 -0.3526354,50.8820807,0 -0.3512621,50.880429,0 -0.3501034,50.8792376,0 -0.349288,50.8781274,0 -0.3494382,50.8777618,0
a088	801	v85	v86	30	-178	-0.3824186,50.8730364,0 -0.3820753,50.8734155,0 -0.3812599,50.8742008,0 -0.3805304,50.8749049,0 -0.3798866,50.8757173,0 -0.3791571,50.8762319,0 -0.3783417,50.8768276,0 -0.3778696,50.8775858,0 -0.3777838,50.8785065,0 -0.3777409,50.879373,0
a089	367	v77	v87	-23	166	-0.3823543,50.8647487,0 -0.3828907,50.8655613,0 -0.383234,50.8662114,0 -0.3839207,50.8678906,0
a090	1679	v88	v89	78	-57	-0.4261494,50.8748508,0 -0.4251623,50.8749862,0 -0.4240036,50.8743904,0 -0.4225874,50.8739571,0 -0.4212141,50.8734697,0 -0.4186392,50.8726843,0 -0.4170084,50.8722781,0 -0.4140902,50.8717094,0 -0.4120302,50.8715469,0 -0.4122877,50.8702198,0 -0.4123306,50.8695969,0 -0.4110003,50.8692719,0 -0.409627,50.8689469,0 -0.408597,50.8688657,0 -0.4073524,50.8683511,0
a091	1212	v90	v91	-132	99	-0.4078245,50.8621484,0 -0.4082751,50.8618911,0 -0.4087472,50.861864,0 -0.4093051,50.861417,0 -0.4099274,50.860794,0 -0.4107642,50.8607398,0 -0.4114723,50.8606721,0 -0.4122233,50.8605502,0 -0.4127598,50.8606179,0 -0.4137039,50.860645,0 -0.4148197,50.8608482,0 -0.4153347,50.8610107,0 -0.4172873,50.8617014,0 -0.4182959,50.8619859,0 -0.4188323,50.8622974,0 -0.4193473,50.8624328,0 -0.4207206,50.8626495,0 -0.4211712,50.8627443,0 -0.4217505,50.8627172,0 -0.422008,50.8625953,0 -0.4224372,50.8624599,0 -0.4230809,50.8625276,0
a092	1946	v92	v93	150	-99	-0.4063533,50.8489277,0 -0.4062796,50.8488465,0 -0.4043484,50.8482504,0 -0.403018,50.8477084,0 -0.4023743,50.8467601,0 -0.401473,50.8455136,0 -0.4007435,50.8447007,0 -0.4003143,50.8441858,0 -0.3996277,50.843698,0 -0.3988981,50.8428038,0 -0.3987265,50.843129,0 -0.3991127,50.8434813,0 -0.3994131,50.8438606,0 -0.3998852,50.8442942,0 -0.3990269,50.8447549,0 -0.3990269,50.84508,0 -0.3996277,50.8455949,0 -0.3998852,50.8460014,0 -0.3991556,50.845622,0 -0.3985119,50.8458659,0 -0.3979969,50.8451071,0 -0.3976107,50.8441045,0 -0.3975248,50.8436168,0 -0.3958082,50.8438064,0 -0.3948212,50.8440503,0 -0.3946495,50.8444026,0 -0.3945208,50.8444161,0
a093	589	v94	v95	-156	9	-0.3839207,50.8428038,0 -0.3846502,50.8417469,0 -0.3849936,50.8408797,0 -0.3855515,50.8399583,0 -0.3858948,50.8390098,0 -0.3861094,50.8382239,0 -0.3862381,50.837736,0
a094	611	v95	v96	77	-97	-0.3862381,50.837736,0 -0.3846073,50.8379799,0 -0.3820324,50.8384136,0 -0.3810024,50.8385762,0 -0.3811312,50.8376547,0 -0.3793073,50.8378038,0
a095	526	v96	v64	172	-9	-0.3793073,50.8378038,0 -0.3792214,50.8374243,0 -0.3782344,50.8360421,0 -0.3776765,50.8350393,0 -0.3772902,50.834294,0 -0.3769255,50.8338196,0 -0.3768182,50.8333724,0
a096	146	v97	v96	-104	79	-0.3772688,50.8380646,0 -0.3773332,50.8380545,0 -0.3777087,50.838007,0 -0.3780305,50.8379765,0 -0.3782988,50.8379257,0 -0.3793073,50.8378038,0
a097	235	v98	v99	-3	104	-0.3757668,50.8367332,0 -0.3758311,50.8374108,0 -0.3757238,50.8380206,0 -0.376389,50.8380477,0 -0.3770113,50.8381425,0
a098	280	v100	v99	-163	2	-0.375874,50.8405139,0 -0.3760457,50.8401616,0 -0.3763676,50.8397009,0 -0.3766036,50.8393621,0 -0.3769684,50.8389285,0 -0.3769898,50.8386033,0 -0.3770113,50.8381425,0
a099	164	v68	v101	41	-173	-0.3752518,50.8408662,0 -0.3748226,50.8411778,0 -0.3747153,50.8414624,0 -0.374372,50.8417334,0 -0.3742862,50.8421534,0
a100	446	v102	v101	-146	61	-0.3703594,50.845202,0 -0.3708529,50.8447413,0 -0.371325,50.8442265,0 -0.3720117,50.8437251,0 -0.3724623,50.8433187,0 -0.3727627,50.8432238,0 -0.3729987,50.8430477,0 -0.3733206,50.8429393,0 -0.3734708,50.8427767,0 -0.3736854,50.8425193,0 -0.373857,50.8424651,0 -0.3740931,50.8422212,0 -0.3742862,50.8421534,0
a101	387	v101	v103	24	-157	-0.3742862,50.8421534,0 -0.3739643,50.8426005,0 -0.3737068,50.8429799,0 -0.3732991,50.8432509,0 -0.3728271,50.8436438,0 -0.3724837,50.8440368,0 -0.3720975,50.8445516,0 -0.3716683,50.8451884,0
a102	93	v102	v103	-77	81	-0.3703594,50.845202,0 -0.37081,50.8452697,0 -0.3716683,50.8451884,0
a103	928	v94	v103	56	-79	-0.3839207,50.8428038,0 -0.382762,50.8432916,0 -0.3817749,50.8439148,0 -0.3808308,50.8440774,0 -0.3795862,50.8441316,0 -0.3780413,50.8444026,0 -0.3764105,50.8445381,0 -0.3749084,50.8446465,0 -0.3732347,50.8449988,0 -0.3723335,50.8452697,0 -0.3716683,50.8451884,0
a104	1158	v104	v105	174	-1	-0.3756595,50.8567847,0 -0.3756166,50.8565138,0 -0.3754878,50.8563377,0 -0.375402,50.8558501,0 -0.3753805,50.8554031,0 -0.3751874,50.8545903,0 -0.3751659,50.8542652,0 -0.3749514,50.8538182,0 -0.3748012,50.8531273,0 -0.3745651,50.8520978,0 -0.3738141,50.851434,0 -0.3731275,50.8506889,0 -0.3719902,50.849727,0 -0.3713894,50.8493071,0 -0.3712177,50.8486161,0 -0.3710461,50.8477491,0 -0.3710246,50.8471123,0
a105	524	v71	v104	-55	67	-0.3694153,50.8551728,0 -0.370295,50.8555656,0 -0.3711963,50.8558095,0 -0.3714967,50.8559855,0 -0.37184,50.8563513,0 -0.3723335,50.8567576,0 -0.3728271,50.8569473,0 -0.3731489,50.8570421,0 -0.3735995,50.8569473,0 -0.3742647,50.8568931,0 -0.374887,50.8568254,0 -0.3753591,50.856866,0 -0.3756595,50.8567847,0
a106	881	v106	v107	-152	70	-0.3761959,50.8600897,0 -0.3763676,50.8598865,0 -0.3767753,50.8597511,0 -0.3770971,50.8596427,0 -0.3776121,50.8598323,0 -0.3780198,50.8599678,0 -0.3785563,50.8598459,0 -0.3789425,50.8596427,0 -0.3790712,50.8593583,0 -0.3790927,50.8588978,0 -0.3790712,50.8582882,0 -0.3791142,50.8579632,0 -0.379436,50.8576923,0 -0.3801441,50.8575162,0 -0.3807449,50.857313,0 -0.3814745,50.8570963,0 -0.3818822,50.8569066,0 -0.382247,50.856568,0 -0.3825688,50.8562294,0 -0.3829551,50.8561887,0 -0.3835773,50.8561616,0 -0.3837705,50.856121,0 -0.3841138,50.8559449,0 -0.3844142,50.8558772,0
a107	196	v106	v108	-31	158	-0.3761959,50.8600897,0 -0.3764963,50.8604012,0 -0.3767967,50.8605908,0 -0.3773546,50.8608211,0 -0.3776336,50.8610784,0 -0.3778696,50.8614441,0
a108	116	v108	v73	62	-83	-0.3778696,50.8614441,0 -0.3774619,50.8615796,0 -0.3762817,50.8614847,0
a109	436	v108	v109	-4	58	-0.3778696,50.8614441,0 -0.3779125,50.8618098,0 -0.37817,50.8621078,0 -0.3786421,50.862487,0 -0.3793287,50.8628662,0 -0.3800368,50.8630829,0 -0.3807235,50.8632048,0 -0.3813887,50.8631506,0 -0.381968,50.8630829,0 -0.3825259,50.8628662,0
a110	44	v108	v110	-66	90	-0.3778696,50.8614441,0 -0.3781056,50.8615118,0 -0.3784704,50.8615118,0
a111	295	v110	v111	10	96	-0.3784704,50.8615118,0 -0.3783631,50.8619046,0 -0.378685,50.8622974,0 -0.3792214,50.8625953,0 -0.3798866,50.8628256,0 -0.3804231,50.8629339,0 -0.3812599,50.8629881,0
a112	76	v111	v112	-96	57	-0.3812599,50.8629881,0 -0.3816676,50.862961,0 -0.3822255,50.8627308,0
a113	26	v112	v109	-54	126	-0.3822255,50.8627308,0 -0.3825259,50.8628662,0
a114	150	v113	v112	-39	146	-0.3807664,50.8618369,0 -0.3810453,50.8620536,0 -0.3816676,50.8621755,0 -0.3818822,50.8624057,0 -0.3822255,50.8627308,0
a115	136	v113	v111	-2	152	-0.3807664,50.8618369,0 -0.3807878,50.8621484,0 -0.3808737,50.8625683,0 -0.3811097,50.862812,0 -0.3812599,50.8629881,0
a116	202	v113	v114	-88	85	-0.3807664,50.8618369,0 -0.3821397,50.861864,0 -0.3829336,50.8618911,0 -0.3836417,50.8618504,0
a117	140	v112	v114	-128	38	-0.3822255,50.8627308,0 -0.3826976,50.8625005,0 -0.3831053,50.8622838,0 -0.3836417,50.8618504,0
a118	373	v114	v115	-132	43	-0.3836417,50.8618504,0 -0.3840494,50.8616202,0 -0.3846931,50.8612545,0 -0.3851008,50.8610107,0 -0.3861094,50.8605908,0 -0.3867316,50.8603877,0 -0.3872681,50.8600761,0 -0.3877401,50.8597511,0
a119	30	v116	v117	0	180	-0.3844571,50.8580444,0 -0.3844571,50.8583153,0
a120	576	v117	v110	68	-174	-0.3844571,50.8583153,0 -0.383749,50.8584914,0 -0.3828263,50.8589249,0 -0.3818393,50.8593583,0 -0.3810024,50.8596156,0 -0.3799939,50.8600084,0 -0.3790712,50.8604689,0 -0.3785563,50.8610107,0 -0.3784704,50.8615118,0
a121	617	v116	v108	72	-156	-0.3844571,50.8580444,0 -0.3836846,50.858207,0 -0.3828692,50.8584643,0 -0.3820109,50.8588165,0 -0.3814745,50.8590603,0 -0.3811097,50.8593718,0 -0.3800154,50.8597375,0 -0.3789639,50.8602387,0 -0.3783846,50.8607263,0 -0.3778696,50.8614441,0
a122	226	v107	v118	-5	178	-0.3844142,50.8558772,0 -0.3844571,50.8561616,0 -0.3846073,50.8565274,0 -0.3845215,50.8570556,0 -0.3844786,50.8575026,0 -0.3845,50.8578954,0
a123	658	v119	v120	-158	40	-0.3831482,50.8643289,0 -0.3834271,50.8638955,0 -0.3837705,50.8634757,0 -0.383985,50.8631235,0 -0.3844786,50.8627443,0 -0.3847575,50.8623651,0 -0.3852725,50.8617692,0 -0.3855944,50.8613764,0 -0.3862166,50.8610242,0 -0.3869033,50.8606721,0 -0.387826,50.860198,0 -0.388577,50.8596427,0
a124	231	v109	v77	-11	170	-0.3825259,50.8628662,0 -0.3825903,50.8630694,0 -0.3823543,50.8633538,0 -0.3819895,50.8635028,0 -0.3820539,50.8637059,0 -0.3821182,50.8638684,0 -0.3822255,50.8640851,0 -0.3822255,50.8643018,0 -0.3823543,50.8647487,0
a125	213	v121	v107	23	-152	-0.3855515,50.8541027,0 -0.3848648,50.8551051,0 -0.3846502,50.8555927,0 -0.3844142,50.8558772,0
a126	789	v107	v122	157	-12	-0.3844142,50.8558772,0 -0.3840494,50.8553218,0 -0.3840494,50.854509,0 -0.3839207,50.8538046,0 -0.3836632,50.8528835,0 -0.3836632,50.8523958,0 -0.3835773,50.8515559,0 -0.3834486,50.8507973,0 -0.3830624,50.8497948,0 -0.382762,50.8489006,0
a127	371	v123	v124	-15	-165	-0.3858519,50.8487381,0 -0.3863668,50.8499303,0 -0.3863239,50.8507702,0 -0.3858089,50.8519894,0
a128	685	v122	v94	180	7	-0.382762,50.8489006,0 -0.382762,50.8479794,0 -0.3829336,50.8469226,0 -0.3831482,50.8459472,0 -0.3835773,50.8448633,0 -0.3836632,50.8442129,0 -0.3839207,50.8428038,0
a129	109	v66	v125	-10	170	-0.3716469,50.8340229,0 -0.3719044,50.8349851,0
a130	475	v125	v98	-100	179	-0.3719044,50.8349851,0 -0.3737926,50.8347683,0 -0.3751874,50.8346192,0 -0.3752518,50.8348225,0 -0.3757024,50.8356627,0 -0.3757453,50.836015,0 -0.3757668,50.8367332,0
a131	489	v125	v98	-11	85	-0.3719044,50.8349851,0 -0.3720331,50.8354052,0 -0.3719473,50.8358253,0 -0.3719258,50.8365571,0 -0.3719044,50.8369094,0 -0.3722692,50.8369636,0 -0.3731489,50.8369094,0 -0.3745008,50.836801,0 -0.3757668,50.8367332,0
a132	51	v61	v126	-177	3	-0.3703165,50.8308381,0 -0.3703594,50.8303773,0
a133	374	v104	v106	-15	156	-0.3756595,50.8567847,0 -0.3757882,50.8570963,0 -0.3758097,50.8574484,0 -0.375874,50.8579767,0 -0.375874,50.858505,0 -0.375874,50.8592228,0 -0.375874,50.8596292,0 -0.3761959,50.8600897,0
a134	165	v110	v113	-77	103	-0.3784704,50.8615118,0 -0.3807664,50.8618369,0
a135	57	v75	v53	128	-70	-0.3683424,50.8604689,0 -0.368042,50.8603199,0 -0.3676343,50.8602251,0
a136	578	v73	v75	99	-81	-0.3762817,50.8614847,0 -0.3759491,50.8614509,0 -0.3757238,50.861478,0 -0.3754771,50.8614915,0 -0.3751552,50.861417,0 -0.3748763,50.8613696,0 -0.3744686,50.8613628,0 -0.3740609,50.861329,0 -0.3735995,50.8612342,0 -0.3729451,50.8610784,0 -0.3722477,50.8609362,0 -0.3717756,50.8608008,0 -0.3713465,50.8607263,0 -0.3710353,50.860733,0 -0.3706813,50.8607195,0 -0.370338,50.8607669,0 -0.3699732,50.860706,0 -0.3695762,50.8605976,0 -0.3692651,50.860557,0 -0.3689003,50.860557,0 -0.3685355,50.8604892,0 -0.3683424,50.8604689,0
a137	1587	v87	v127	65	-126	-0.3839207,50.8678906,0 -0.3824615,50.868324,0 -0.3815603,50.8688115,0 -0.3804874,50.8692177,0 -0.3795433,50.8697865,0 -0.3788137,50.870274,0 -0.377655,50.8706802,0 -0.3760242,50.871276,0 -0.3747368,50.8715739,0 -0.3725052,50.8722781,0 -0.3716898,50.8726031,0 -0.370574,50.8732259,0 -0.3692865,50.873578,0 -0.3678703,50.8741196,0 -0.3667545,50.8746071,0 -0.3656816,50.8751757,0 -0.364995,50.8754872,0
a138	1589	v127	v79	166	5	-0.364995,50.8754872,0 -0.3649092,50.8752705,0 -0.3649092,50.8746883,0 -0.3649092,50.8743769,0 -0.364995,50.8738217,0 -0.3651237,50.8734967,0 -0.3655958,50.8731989,0 -0.3667331,50.8726031,0 -0.3672695,50.8721968,0 -0.3680205,50.8716146,0 -0.3682351,50.8711136,0 -0.3683639,50.8705313,0 -0.3680849,50.8701386,0 -0.3674841,50.8697729,0 -0.3666472,50.8693667,0 -0.3658533,50.8689334,0 -0.36551,50.8684188,0 -0.3653383,50.8679177,0 -0.3652096,50.867376,0 -0.3651023,50.8668614,0 -0.364995,50.8665364,0 -0.3651667,50.8660353,0 -0.3652096,50.865453,0 -0.3654027,50.86483,0 -0.3654456,50.864356,0 -0.3655529,50.8637601,0 -0.3653383,50.8634215,0 -0.3651237,50.8631235,0 -0.3651667,50.8628391,0
a139	622	v79	v47	80	-61	-0.3651667,50.8628391,0 -0.3648019,50.8628798,0 -0.3640723,50.8628256,0 -0.3635359,50.8627985,0 -0.3627849,50.8627985,0 -0.3624415,50.862812,0 -0.3619695,50.8627579,0 -0.3613472,50.8627172,0 -0.3607035,50.8625683,0 -0.3602743,50.8624328,0 -0.359695,50.8621078,0 -0.35918,50.8617692,0 -0.3586221,50.8614712,0 -0.3581715,50.8611868,0 -0.3576779,50.8610107,0 -0.3573346,50.8608888,0
a140	539	v109	v128	-127	31	-0.3825259,50.8628662,0 -0.3830624,50.8626089,0 -0.3833199,50.8624328,0 -0.3838778,50.8619994,0 -0.3844142,50.8616879,0 -0.3849506,50.8613358,0 -0.3853798,50.8611191,0 -0.3862596,50.8607398,0 -0.3869462,50.8605502,0 -0.3873968,50.8602522,0 -0.3877509,50.8600084,0 -0.3880298,50.8597917,0 -0.3881586,50.8596563,0
a141	166	v118	v129	-126	91	-0.3845,50.8578954,0 -0.3846771,50.8578142,0 -0.3850418,50.8577464,0 -0.3852779,50.8576787,0 -0.3855246,50.857611,0 -0.3856158,50.8575094,0 -0.3857446,50.8574281,0 -0.385868,50.8572893,0 -0.3859806,50.8571606,0 -0.3861094,50.857076,0 -0.3863132,50.8570793,0
a142	17	v116	v118	-170	10	-0.3844571,50.8580444,0 -0.3845,50.8578954,0
a143	192	v129	v107	146	-73	-0.3863132,50.8570793,0 -0.3861845,50.8569608,0 -0.3860825,50.8568592,0 -0.3859162,50.8567543,0 -0.3852725,50.8563106,0 -0.3850847,50.8561853,0 -0.3847092,50.8559347,0 -0.3844142,50.8558772,0
a144	342	v64	v62	172	32	-0.3768182,50.8333724,0 -0.3766894,50.8327761,0 -0.3762174,50.8306619,0 -0.3762603,50.8304993,0 -0.3764105,50.8303502,0
a145	1128	v62	v130	-124	130	-0.3764105,50.8303502,0 -0.3774405,50.8299165,0 -0.3801441,50.8316513,0 -0.3803587,50.8315699,0 -0.3804874,50.8318274,0 -0.3808522,50.8322611,0 -0.3813243,50.8324509,0 -0.381968,50.832993,0 -0.3824186,50.833264,0 -0.3835988,50.8340094,0 -0.3839636,50.8343888,0 -0.3843069,50.8348225,0 -0.3845644,50.8353239,0 -0.3848648,50.8357982,0 -0.3854442,50.8361234,0 -0.3863454,50.8365977,0 -0.3867531,50.8368145,0
a146	291	v95	v131	-40	13	-0.3862381,50.837736,0 -0.3864849,50.837919,0 -0.3866673,50.8381425,0 -0.3866243,50.8385287,0 -0.3868818,50.8385965,0 -0.3871393,50.8384542,0 -0.3875256,50.8385152,0 -0.3877616,50.8386439,0 -0.3878903,50.8387523,0 -0.3881264,50.8387117,0 -0.3883302,50.8388133,0 -0.3884697,50.8387727,0 -0.3886199,50.8385965,0 -0.3886735,50.8384542,0
a147	183	v93	v132	157	-16	-0.3945208,50.8444161,0 -0.3942955,50.8440774,0 -0.3939736,50.8434677,0 -0.3937054,50.842858,0
a148	373	v133	v134	18	-132	-0.3927827,50.8463197,0 -0.3927183,50.8464417,0 -0.3923965,50.8464823,0 -0.3923965,50.8467194,0 -0.3922141,50.8468955,0 -0.3918064,50.847092,0 -0.3914523,50.8471462,0 -0.3912163,50.8475594,0 -0.3910875,50.8478304,0 -0.3906369,50.8477084,0 -0.3899074,50.8476542,0 -0.3894353,50.8477626,0 -0.3891993,50.8478981,0
a149	218	v123	v122	83	-92	-0.3858519,50.8487381,0 -0.3842854,50.84886,0 -0.382762,50.8489006,0
a150	135	v8	v4	-87	96	-0.3521848,50.8346192,0 -0.3531075,50.8346463,0 -0.3540945,50.8347141,0
a151	52	v1	v57	-105	83	-0.3614116,50.8329659,0 -0.3617334,50.8329116,0 -0.3621411,50.8328778,0
a152	632	v57	v58	179	87	-0.3621411,50.8328778,0 -0.3621304,50.8325593,0 -0.3620017,50.8321527,0 -0.3618622,50.8314073,0 -0.3617549,50.8310753,0 -0.3624201,50.8309872,0 -0.362817,50.8309804,0 -0.3638899,50.8310278,0 -0.3648448,50.8310414,0 -0.3651023,50.8310482,0 -0.3653812,50.8308178,0 -0.3655744,50.8306619,0 -0.3658426,50.830689,0 -0.3659499,50.8307568,0 -0.3661859,50.8308652,0 -0.3664541,50.8309059,0 -0.3668189,50.8308788,0 -0.3670657,50.8308313,0 -0.3674304,50.8308178,0
a153	223	v58	v61	-165	104	-0.3674304,50.8308178,0 -0.3675163,50.8306145,0 -0.3678274,50.8306687,0 -0.3684282,50.8307636,0 -0.3688145,50.8307974,0 -0.3693509,50.8307839,0 -0.3701019,50.8308042,0 -0.3703165,50.8308381,0
a154	140	v6	v7	-173	-7	-0.3540516,50.8377631,0 -0.3540838,50.8376005,0 -0.3541589,50.8373837,0 -0.3541803,50.8371127,0 -0.3542125,50.8368755,0 -0.3542447,50.8366723,0 -0.3542125,50.8365096,0
a155	205	v7	v9	83	-126	-0.3542125,50.8365096,0 -0.3535903,50.8365571,0 -0.3523779,50.8367129,0 -0.3515947,50.836801,0 -0.3513908,50.8368959,0
a156	256	v20	v41	13	-164	-0.3432584,50.8483994,0 -0.343194,50.8485755,0 -0.3428078,50.8488465,0 -0.3425074,50.8491039,0 -0.3421211,50.8493884,0 -0.3417993,50.8495509,0 -0.3411555,50.8497541,0 -0.3407612,50.8498524,0 -0.3407264,50.8499269,0
a157	562	v135	v41	168	-8	-0.3421426,50.8549019,0 -0.3418636,50.8541027,0 -0.3416276,50.8533983,0 -0.3413916,50.8525584,0 -0.3411126,50.8516236,0 -0.3408337,50.850418,0 -0.3407264,50.8499269,0
a158	605	v18	v19	-113	96	-0.3321004,50.8432645,0 -0.3324008,50.8431832,0 -0.3339028,50.8433051,0 -0.3362846,50.8434677,0 -0.3387737,50.8436168,0 -0.3406405,50.8437387,0
a159	199	v136	v123	80	-110	-0.388577,50.8482774,0 -0.3876972,50.8483723,0 -0.3870535,50.84844,0 -0.3864956,50.848589,0 -0.3858519,50.8487381,0
a160	732	v136	v137	-83	171	-0.388577,50.8482774,0 -0.389092,50.8483181,0 -0.389092,50.8486432,0 -0.3891993,50.8496729,0 -0.3893065,50.8501064,0 -0.3894567,50.8505534,0 -0.3892207,50.8507973,0 -0.3881264,50.851136,0 -0.3874397,50.8516101,0 -0.3871822,50.8520842,0 -0.3869247,50.8528429,0 -0.3869677,50.8532357,0 -0.3871179,50.8538588,0
a161	304	v138	v121	83	-24	-0.3880405,50.8559991,0 -0.3872573,50.85606,0 -0.3864205,50.8551186,0 -0.3859699,50.8547055,0 -0.3855515,50.8541027,0
a162	53	v139	v138	133	-47	-0.3885984,50.8563242,0 -0.3880405,50.8559991,0
a163	221	v140	v141	-30	145	-0.390079,50.8572656,0 -0.3905082,50.8577329,0 -0.3909588,50.858058,0 -0.3910124,50.8584576,0 -0.3911841,50.8587962,0 -0.3914201,50.8590129,0
a164	213	v141	v120	77	-101	-0.3914201,50.8590129,0 -0.3911304,50.8590535,0 -0.3907871,50.8591822,0 -0.3902185,50.8593312,0 -0.389725,50.8594666,0 -0.3891993,50.8595682,0 -0.388577,50.8596427,0
a165	299	v120	v142	-148	-44	-0.388577,50.8596427,0 -0.3887701,50.8594463,0 -0.3887701,50.8592161,0 -0.3886843,50.8589316,0 -0.3885126,50.8586133,0 -0.3882444,50.8583018,0 -0.3879654,50.8580715,0 -0.3874612,50.8577532,0 -0.3869033,50.8573943,0
a166	30	v120	v128	99	-105	-0.388577,50.8596427,0 -0.3883624,50.8596224,0 -0.3881586,50.8596563,0
a167	401	v128	v116	-157	-124	-0.3881586,50.8596563,0 -0.3882658,50.8595005,0 -0.388341,50.8593447,0 -0.3883195,50.8591619,0 -0.3882337,50.8589384,0 -0.3880191,50.8587285,0 -0.3876865,50.8584508,0 -0.3871715,50.8582002,0 -0.3864849,50.8580106,0 -0.3858089,50.8578074,0 -0.3852081,50.8578277,0 -0.3846931,50.8579428,0 -0.3844571,50.8580444,0
a168	303	v143	v14	9	-151	-0.3433764,50.8351409,0 -0.34284,50.8373905,0 -0.3428721,50.8375395,0 -0.3426361,50.8378038,0
a169	394	v143	v11	-49	172	-0.3433764,50.8351409,0 -0.3457582,50.8364351,0 -0.3470671,50.837011,0 -0.3470886,50.8371262,0 -0.3471744,50.8372143,0 -0.3468472,50.8372448,0 -0.346874,50.8373701,0
a170	96	v11	v13	79	-101	-0.346874,50.8373701,0 -0.3455329,50.8375328,0
a171	161	v22	v23	118	-84	-0.3306198,50.8432882,0 -0.3302711,50.843173,0 -0.3298956,50.8431256,0 -0.3296059,50.8430816,0 -0.329445,50.8430104,0 -0.3292626,50.8429833,0 -0.3284311,50.8429257,0
a172	346	v22	v144	61	-73	-0.3306198,50.8432882,0 -0.3294235,50.8437014,0 -0.3292251,50.8436506,0 -0.3289622,50.8436269,0 -0.3287637,50.8436134,0 -0.3286564,50.8438572,0 -0.3286886,50.8439961,0 -0.3285438,50.8441689,0 -0.328458,50.844406,0 -0.3283077,50.8444771,0 -0.3281736,50.8446702,0 -0.3280395,50.8447786,0 -0.3277338,50.8447481,0 -0.3273368,50.844721,0 -0.3272295,50.8447007,0
a173	342	v29	v27	86	-157	-0.3268647,50.8451342,0 -0.3263551,50.8451579,0 -0.3260761,50.8451292,0 -0.3257141,50.8454594,0 -0.3255934,50.8456423,0 -0.325419,50.8456169,0 -0.3252715,50.8456152,0 -0.3250408,50.8456508,0 -0.3246653,50.8456355,0 -0.3245741,50.8457304,0 -0.3244963,50.8458743,0 -0.3243434,50.8459421,0 -0.3242925,50.8461182,0 -0.3242683,50.8461927,0 -0.3244668,50.8463096,0 -0.3248101,50.8464976,0 -0.325073,50.846589,0 -0.325014,50.8466771,0
a174	56	v29	v144	-147	27	-0.3268647,50.8451342,0 -0.326972,50.8450292,0 -0.3269935,50.8449107,0 -0.3271598,50.8447887,0 -0.3272295,50.8447007,0
a175	219	v144	v23	-144	5	-0.3272295,50.8447007,0 -0.3273207,50.8446228,0 -0.3274065,50.8445144,0 -0.3274924,50.8444534,0 -0.3275889,50.8443145,0 -0.3276747,50.8442163,0 -0.3277284,50.8440706,0 -0.3277874,50.8438234,0 -0.327943,50.8437082,0 -0.3279644,50.8435761,0 -0.3281683,50.8433559,0 -0.3283292,50.8431798,0 -0.3284204,50.8430036,0 -0.3284311,50.8429257,0
a176	429	v27	v24	127	-63	-0.325014,50.8466771,0 -0.324558,50.846462,0 -0.3240967,50.8462046,0 -0.3237748,50.845981,0 -0.3232384,50.8456152,0 -0.3224981,50.8450326,0 -0.32179,50.844511,0 -0.3216076,50.8443823,0 -0.3211999,50.8441926,0 -0.3206635,50.8440232,0
a177	136	v36	v35	180	4	-0.3434944,50.8596021,0 -0.3434944,50.8589519,0 -0.3435588,50.8583831,0
a178	490	v36	v46	-82	99	-0.3434944,50.8596021,0 -0.3451574,50.8597511,0 -0.3459084,50.8598323,0 -0.3467131,50.8599881,0 -0.3470027,50.8599407,0 -0.3478074,50.8598053,0 -0.3485692,50.8597443,0 -0.3498888,50.8597578,0 -0.3503609,50.8598053,0
a179	513	v46	v47	-68	89	-0.3503609,50.8598053,0 -0.351305,50.8600491,0 -0.3537941,50.8606992,0 -0.3546095,50.8608753,0 -0.3549957,50.8609023,0 -0.3573346,50.8608888,0
a180	71	v70	v102	-176	35	-0.3699303,50.8457575,0 -0.3699517,50.8455678,0 -0.3703594,50.845202,0
a181	191	v70	v105	-36	141	-0.3699303,50.8457575,0 -0.3701663,50.8459607,0 -0.3701019,50.8461639,0 -0.3702521,50.8463401,0 -0.3701019,50.8465704,0 -0.3704238,50.8467465,0 -0.3706598,50.8469226,0 -0.3708529,50.8469768,0 -0.3710246,50.8471123,0
a182	222	v105	v103	180	26	-0.3710246,50.8471123,0 -0.3710246,50.8468549,0 -0.371089,50.8466314,0 -0.3710675,50.8464417,0 -0.3711534,50.8461504,0 -0.3712499,50.8458184,0 -0.3714108,50.8455272,0 -0.3716683,50.8451884,0
a183	117	v121	v137	-130	108	-0.3855515,50.8541027,0 -0.3857446,50.8540011,0 -0.3860128,50.8539672,0 -0.3863883,50.8539062,0 -0.3868282,50.8538385,0 -0.3869891,50.8538317,0 -0.3871179,50.8538588,0
a184	252	v138	v137	148	-27	-0.3880405,50.8559991,0 -0.3878152,50.8557756,0 -0.3877401,50.855613,0 -0.3877079,50.8554234,0 -0.3875256,50.8551389,0 -0.3875899,50.8550035,0 -0.3875041,50.854868,0 -0.3873861,50.8545429,0 -0.3872466,50.8542788,0 -0.3872359,50.8540078,0 -0.3871179,50.8538588,0
a185	40	v145	v139	99	-81	-0.3891563,50.8563784,0 -0.3885984,50.8563242,0
a186	456	v145	v146	-117	-171	-0.3891563,50.8563784,0 -0.3894567,50.8562835,0 -0.3901541,50.856182,0 -0.3908086,50.8560736,0 -0.3914952,50.8559855,0 -0.3917634,50.8559517,0 -0.39186,50.8563377,0 -0.3919888,50.8568118,0 -0.3920531,50.8569608,0 -0.392139,50.8573062,0 -0.3922355,50.8575636,0 -0.3923321,50.8578548,0 -0.3924072,50.8581392,0 -0.3923643,50.8583052,0
a187	321	v146	v145	117	-26	-0.3923643,50.8583052,0 -0.3921926,50.858251,0 -0.3919512,50.858207,0 -0.3917366,50.8581596,0 -0.3916401,50.858146,0 -0.3913718,50.8580546,0 -0.3910607,50.8579496,0 -0.3908998,50.857865,0 -0.390771,50.8577498,0 -0.3904331,50.857462,0 -0.3902131,50.8572487,0 -0.3897303,50.8568525,0 -0.3892905,50.8565545,0 -0.3891563,50.8563784,0
a188	1017	v147	v119	-27	-128	-0.3923535,50.8588673,0 -0.3924018,50.8589282,0 -0.3925091,50.8590975,0 -0.3926271,50.8592194,0 -0.3929597,50.8593921,0 -0.3931582,50.8593888,0 -0.3927666,50.8597375,0 -0.3925198,50.8599779,0 -0.3924179,50.8600491,0 -0.3923589,50.8601439,0 -0.3922677,50.860215,0 -0.3920263,50.8604114,0 -0.3919083,50.8606145,0 -0.3917098,50.8607567,0 -0.3913933,50.8608922,0 -0.3908622,50.8609802,0 -0.3902292,50.8610581,0 -0.3896177,50.8611326,0 -0.388931,50.8612409,0 -0.3883839,50.8613561,0 -0.3877187,50.8615389,0 -0.3873217,50.8617353,0 -0.3869891,50.8618437,0 -0.386517,50.8621078,0 -0.3861737,50.8623041,0 -0.3859162,50.8625683,0 -0.3856373,50.8627714,0 -0.3852296,50.8630626,0 -0.3847468,50.863435,0 -0.3841138,50.863821,0 -0.3835022,50.8641528,0 -0.3831482,50.8643289,0
a189	73	v119	v77	52	-139	-0.3831482,50.8643289,0 -0.3828049,50.8644982,0 -0.3825688,50.864593,0 -0.3823543,50.8647487,0
a190	1173	v127	v84	59	-70	-0.364995,50.8754872,0 -0.3645229,50.8756632,0 -0.3640938,50.8758257,0 -0.3631067,50.8762048,0 -0.3619909,50.876611,0 -0.3613257,50.8768005,0 -0.3604245,50.8770307,0 -0.3595233,50.8772744,0 -0.3581071,50.87764,0 -0.3568196,50.8779514,0 -0.3560901,50.8781409,0 -0.3554678,50.8781409,0 -0.3540301,50.8782763,0 -0.3527427,50.8784117,0 -0.3517771,50.8782898,0 -0.3502107,50.8779378,0 -0.3494382,50.8777618,0
a191	345	v84	v148	-171	1	-0.3494382,50.8777618,0 -0.3495455,50.8773421,0 -0.3495669,50.8761506,0 -0.3495884,50.8746612,0
a192	166	v148	v81	176	-8	-0.3495884,50.8746612,0 -0.3495026,50.8737811,0 -0.3493738,50.8731718,0
a193	179	v148	v80	-155	79	-0.3495884,50.8746612,0 -0.3499317,50.8741873,0 -0.3502536,50.8736999,0 -0.3504896,50.8733072,0 -0.3507042,50.8732801,0
a194	98	v80	v81	120	-100	-0.3507042,50.8732801,0 -0.3502965,50.8731311,0 -0.3497386,50.8731311,0 -0.3493738,50.8731718,0
a195	142	v37	v39	171	-15	-0.3415203,50.8569744,0 -0.3413272,50.8562429,0 -0.3411126,50.8557282,0
a196	255	v135	v37	-10	-131	-0.3421426,50.8549019,0 -0.3422928,50.8554166,0 -0.3424215,50.8557553,0 -0.3424644,50.8561075,0 -0.3423357,50.8563377,0 -0.3421211,50.856568,0 -0.3418207,50.8568118,0 -0.3415203,50.8569744,0
a197	117	v39	v135	-135	39	-0.3411126,50.8557282,0 -0.3414989,50.8554844,0 -0.3417993,50.8551728,0 -0.3421426,50.8549019,0
a198	935	v41	v30	124	-117	-0.3407264,50.8499269,0 -0.3405628,50.8498574,0 -0.3401175,50.8500268,0 -0.3397447,50.8501385,0 -0.3396535,50.8500657,0 -0.339396,50.8498354,0 -0.3389025,50.849131,0 -0.3381944,50.8484536,0 -0.3371644,50.8475323,0 -0.3360701,50.8466246,0 -0.3357482,50.8463401,0 -0.3355336,50.8459336,0 -0.3344178,50.8452697,0 -0.3339458,50.8451207,0 -0.333302,50.8453239,0 -0.3324866,50.8456084,0 -0.3322291,50.8456491,0 -0.3319716,50.8457304,0
a199	277	v30	v18	-176	-6	-0.3319716,50.8457304,0 -0.3320146,50.8453104,0 -0.3319931,50.8450936,0 -0.3320575,50.8447684,0 -0.3320575,50.844389,0 -0.332036,50.8441587,0 -0.3321433,50.8440097,0 -0.3321648,50.8436574,0 -0.3321004,50.8432645,0
a200	353	v15	v143	89	-172	-0.3471315,50.8343211,0 -0.3461123,50.8343346,0 -0.345372,50.8343482,0 -0.3450179,50.8343549,0 -0.344975,50.8342804,0 -0.3434837,50.8343346,0 -0.3435159,50.834504,0 -0.343473,50.8347547,0 -0.3434086,50.8349987,0 -0.3433764,50.8351409,0
a201	478	v149	v149	-129	4	-0.3472173,50.8346599,0 -0.3473246,50.8346057,0 -0.3474104,50.8347073,0 -0.3475928,50.834897,0 -0.3479147,50.8351884,0 -0.3479147,50.8353307,0 -0.3478289,50.8356288,0 -0.3477967,50.8358592,0 -0.3476787,50.8359879,0 -0.3472817,50.8359608,0 -0.3470242,50.835954,0 -0.3465092,50.8359405,0 -0.3460264,50.8358863,0 -0.3460693,50.8357779,0 -0.3464663,50.8355746,0 -0.346638,50.8354391,0 -0.3468633,50.8354323,0 -0.3470671,50.8354188,0 -0.3471529,50.8352019,0 -0.3471959,50.8348564,0 -0.3472173,50.8346599,0
a202	39	v15	v149	-5	153	-0.3471315,50.8343211,0 -0.3471529,50.8344905,0 -0.3471529,50.8345785,0 -0.3472173,50.8346599,0
a203	386	v76	v74	32	-55	-0.3814316,50.8641258,0 -0.3812277,50.8643357,0 -0.3810239,50.8643831,0 -0.3805411,50.8644169,0 -0.3802192,50.8644305,0 -0.3798223,50.8643763,0 -0.379436,50.8643221,0 -0.3790605,50.8642476,0 -0.3786314,50.8641732,0 -0.3781164,50.8640377,0 -0.3777838,50.8639768,0 -0.3775799,50.8639361,0 -0.3772902,50.8639361,0 -0.3770006,50.8639091,0 -0.3767002,50.8638007,0 -0.3764856,50.8637669,0 -0.3763461,50.8637059,0
a204	21	v74	v78	-14	-149	-0.3763461,50.8637059,0 -0.376389,50.8638143,0 -0.3763247,50.863882,0
a205	96	v77	v76	148	-45	-0.3823543,50.8647487,0 -0.3822148,50.8646065,0 -0.3821075,50.864505,0 -0.3818929,50.8644034,0 -0.3817642,50.8643154,0 -0.3815711,50.8642138,0 -0.3814316,50.8641258,0
a206	1229	v83	v86	-165	14	-0.3736639,50.8900674,0 -0.3738356,50.8896613,0 -0.3739643,50.8891199,0 -0.3742647,50.8881994,0 -0.374651,50.8871978,0 -0.3748655,50.8864126,0 -0.3752947,50.8853297,0 -0.3754663,50.8843821,0 -0.3756809,50.883624,0 -0.3761101,50.8827846,0 -0.3761101,50.8823243,0 -0.376668,50.8815121,0 -0.3773546,50.8803748,0 -0.3777409,50.879373,0
a207	2384	v150	v151	141	-121	-0.3946495,50.8789533,0 -0.3944778,50.8788179,0 -0.3949714,50.8786554,0 -0.3951859,50.87852,0 -0.3952289,50.8781951,0 -0.3952932,50.8779108,0 -0.3958082,50.8778024,0 -0.3967738,50.8776941,0 -0.3973532,50.8776806,0 -0.3976965,50.8777077,0 -0.3981686,50.8778837,0 -0.3986621,50.8780597,0 -0.3990912,50.8782898,0 -0.3994989,50.8784929,0 -0.3999281,50.8786148,0 -0.4003143,50.8785336,0 -0.4008293,50.8782357,0 -0.4013228,50.8779243,0 -0.4017949,50.8776264,0 -0.4024172,50.8772067,0 -0.4027605,50.8769765,0 -0.4021597,50.8770307,0 -0.4015374,50.8771119,0 -0.4005504,50.8772744,0 -0.3997564,50.8774233,0 -0.3990054,50.8774369,0 -0.3985548,50.8773692,0 -0.3971386,50.8770172,0 -0.3964949,50.8768682,0 -0.3956366,50.8766922,0 -0.3950787,50.8765839,0 -0.3941989,50.876286,0 -0.3937054,50.8760558,0 -0.3931475,50.8759746,0 -0.3927183,50.8758527,0 -0.3927398,50.8755142,0 -0.3917742,50.875108,0 -0.3908515,50.8745529,0 -0.3903151,50.8746071,0 -0.3897572,50.8742415,0 -0.3890061,50.8735915,0 -0.3880835,50.8731718,0 -0.3864098,50.8727385,0 -0.3849936,50.8725083,0 -0.3840494,50.8725218,0 -0.3836203,50.8725624,0 -0.3829122,50.8728333,0
a208	1284	v151	v152	-169	47	-0.3829122,50.8728333,0 -0.3829765,50.8726166,0 -0.3851867,50.8718583,0 -0.3861737,50.8714385,0 -0.3880835,50.8706261,0 -0.3897572,50.8697323,0 -0.3909588,50.8690552,0 -0.3919458,50.8685406,0 -0.3931475,50.8677823,0 -0.3943062,50.8671729,0 -0.3957438,50.8662114,0 -0.3968811,50.8655478,0
a209	983	v153	v77	85	-80	-0.3958941,50.8650467,0 -0.3949285,50.8651009,0 -0.3943491,50.8652092,0 -0.3932333,50.8651821,0 -0.390358,50.8652363,0 -0.3879118,50.8653175,0 -0.3870964,50.8655342,0 -0.3858089,50.8656155,0 -0.3846073,50.865453,0 -0.3838348,50.8651279,0 -0.3833199,50.8648571,0 -0.3823543,50.8647487,0
a210	956	v154	v155	139	37	-0.3979754,50.8651957,0 -0.3978145,50.8650805,0 -0.3971815,50.8650331,0 -0.3970635,50.8649451,0 -0.3970957,50.864681,0 -0.3976214,50.864593,0 -0.3981686,50.8644846,0 -0.3991556,50.8644779,0 -0.4000032,50.8644169,0 -0.4006898,50.8643966,0 -0.4011834,50.864356,0 -0.4014838,50.8642612,0 -0.4017198,50.8641935,0 -0.4017091,50.8639835,0 -0.4017198,50.8637195,0 -0.4016769,50.863347,0 -0.401634,50.8630355,0 -0.4015481,50.862812,0 -0.4014301,50.8624464,0 -0.4012692,50.8621078,0 -0.4009366,50.8616608,0 -0.4010868,50.8615931,0 -0.4013979,50.8615457,0 -0.401988,50.8614577,0 -0.4027498,50.8613493,0 -0.4034257,50.8612274,0 -0.4037476,50.861092,0 -0.4039192,50.8609498,0
a211	433	v156	v146	65	-66	-0.3968811,50.8575162,0 -0.3961301,50.8577329,0 -0.3955722,50.8580715,0 -0.3947568,50.8583424,0 -0.3935337,50.8587759,0 -0.3930187,50.8590332,0 -0.392611,50.8588029,0 -0.3927398,50.8584101,0 -0.3923643,50.8583052,0
a212	415	v157	v156	48	-35	-0.4021597,50.8567035,0 -0.4017735,50.8569202,0 -0.4008079,50.8571505,0 -0.3998208,50.8574755,0 -0.3990483,50.8576516,0 -0.3984475,50.8578006,0 -0.3978252,50.8578819,0 -0.3970742,50.8576923,0 -0.3968811,50.8575162,0
a213	496	v155	v157	144	-21	-0.4039192,50.8609498,0 -0.4035544,50.8606315,0 -0.4032969,50.8601574,0 -0.4029965,50.8595073,0 -0.4029107,50.8591822,0 -0.4028463,50.8587081,0 -0.4028678,50.858207,0 -0.402739,50.857611,0 -0.4023957,50.8570963,0 -0.4021597,50.8567035,0
a214	1020	v158	v134	140	-18	-0.3890276,50.8548477,0 -0.3877616,50.8538995,0 -0.3874397,50.8536963,0 -0.3877187,50.8535066,0 -0.3874826,50.8531138,0 -0.3874183,50.8526532,0 -0.3876328,50.8521791,0 -0.3882766,50.8514611,0 -0.3888774,50.8511631,0 -0.3898215,50.8508244,0 -0.389607,50.8501741,0 -0.3893709,50.84928,0 -0.3893495,50.8483994,0 -0.3902507,50.8482842,0 -0.3902721,50.8481013,0 -0.3896284,50.8481149,0 -0.3892851,50.8480675,0 -0.3891993,50.8478981,0
a215	66	v134	v136	57	-121	-0.3891993,50.8478981,0 -0.3888988,50.84802,0 -0.3888774,50.8481623,0 -0.388577,50.8482774,0
a216	329	v133	v159	-93	-26	-0.3927827,50.8463197,0 -0.3931475,50.8463062,0 -0.3936195,50.8462249,0 -0.3944564,50.8460691,0 -0.3953147,50.8458455,0 -0.3955829,50.8457507,0 -0.3948212,50.8447752,0
a217	45	v159	v93	152	-28	-0.3948212,50.8447752,0 -0.3945208,50.8444161,0
a218	364	v133	v159	180	88	-0.3927827,50.8463197,0 -0.3927827,50.8461843,0 -0.3925681,50.846042,0 -0.3924286,50.845981,0 -0.3921926,50.8448158,0 -0.3935015,50.8448091,0 -0.3948212,50.8447752,0
a219	284	v132	v160	107	-3	-0.3937054,50.842858,0 -0.3934264,50.8428038,0 -0.3924823,50.842797,0 -0.3918815,50.8428038,0 -0.3918815,50.8425328,0 -0.3919458,50.8421195,0 -0.3918922,50.8418553,0 -0.39186,50.841415,0
a220	283	v132	v160	171	-92	-0.3937054,50.842858,0 -0.3936303,50.8425667,0 -0.3935874,50.8421331,0 -0.3935015,50.841354,0 -0.392611,50.8413946,0 -0.39186,50.841415,0
a221	131	v65	v66	67	-98	-0.3734279,50.8337112,0 -0.37287,50.8338603,0 -0.3723979,50.8339552,0 -0.3716469,50.8340229,0
a222	422	v65	v63	166	-9	-0.3734279,50.8337112,0 -0.3732884,50.8333521,0 -0.3731811,50.8328032,0 -0.3720009,50.8329523,0 -0.3716469,50.8316174,0 -0.3714538,50.8308652,0
a223	87	v63	v61	56	-69	-0.3714538,50.8308652,0 -0.3712499,50.8309533,0 -0.3710246,50.8309939,0 -0.3707349,50.8309668,0 -0.3705096,50.8308855,0 -0.3703165,50.8308381,0
a224	59	v100	v68	47	-135	-0.375874,50.8405139,0 -0.3756756,50.8406324,0 -0.3754771,50.8407239,0 -0.3752518,50.8408662,0
a225	40	v100	v161	-112	25	-0.375874,50.8405139,0 -0.3760082,50.84048,0 -0.376094,50.8403818,0 -0.3762013,50.8402395,0
a226	270	v161	v97	-153	2	-0.3762013,50.8402395,0 -0.3763139,50.8400972,0 -0.3764212,50.8399312,0 -0.3765553,50.8398228,0 -0.3767216,50.839711,0 -0.3768343,50.8396772,0 -0.3768343,50.8395349,0 -0.3768075,50.8394061,0 -0.3769255,50.8393147,0 -0.376963,50.8391758,0 -0.3770971,50.839003,0 -0.3772205,50.8388878,0 -0.3772742,50.838732,0 -0.3773654,50.8386744,0 -0.3772956,50.838461,0 -0.3772581,50.8382916,0 -0.3772688,50.8380646,0
a227	21	v97	v99	81	-140	-0.3772688,50.8380646,0 -0.3770918,50.8380816,0 -0.3770113,50.8381425,0
a228	411	v161	v96	-112	23	-0.3762013,50.8402395,0 -0.3774941,50.8399075,0 -0.3776121,50.8399515,0 -0.3777838,50.839894,0 -0.3778321,50.8398262,0 -0.3779662,50.8397754,0 -0.3780895,50.8397076,0 -0.3781432,50.83965,0 -0.3781807,50.8395349,0 -0.3782934,50.8394908,0 -0.3784221,50.839379,0 -0.3785616,50.8393113,0 -0.3786582,50.8392164,0 -0.3787118,50.8391013,0 -0.3788137,50.8389793,0 -0.3788567,50.8388472,0 -0.3789371,50.8387591,0 -0.3789908,50.838671,0 -0.3789586,50.8385863,0 -0.3789318,50.8384813,0 -0.3789157,50.8383865,0 -0.378921,50.8383255,0 -0.3790444,50.8383627,0 -0.3791356,50.8383729,0 -0.3790551,50.8383018,0 -0.3790498,50.8381798,0 -0.3791302,50.8380714,0 -0.3793073,50.8378038,0
a229	7980	v31	v162	-15	-128	-0.309484,50.8728603,0 -0.3095376,50.872989,0 -0.3078532,50.873077,0 -0.3070056,50.8731311,0 -0.306319,50.8731785,0 -0.3061581,50.8730228,0 -0.3057826,50.8724947,0 -0.3053319,50.8718448,0 -0.3052461,50.8717771,0 -0.3045166,50.87175,0 -0.3039265,50.8717094,0 -0.3037977,50.87175,0 -0.3036368,50.8717094,0 -0.3027248,50.8714182,0 -0.3021991,50.8712625,0 -0.3018987,50.8711271,0 -0.3015876,50.8709104,0 -0.3015661,50.8707479,0 -0.3006005,50.8707886,0 -0.2992165,50.871249,0 -0.2994955,50.8717026,0 -0.2995491,50.871987,0 -0.2996242,50.8724406,0 -0.2996564,50.8728806,0 -0.2997637,50.873402,0 -0.2977574,50.8732666,0 -0.2962554,50.8731921,0 -0.2949142,50.8731311,0 -0.2939487,50.8730634,0 -0.2925861,50.8730973,0 -0.2918351,50.8730905,0 -0.2911484,50.8730228,0 -0.2903008,50.8729484,0 -0.289346,50.8728603,0 -0.2888417,50.8729077,0 -0.2881014,50.8730499,0 -0.2877152,50.8731515,0 -0.2870929,50.8733275,0 -0.2865028,50.8734832,0 -0.2860522,50.8735509,0 -0.2855265,50.8736931,0 -0.2848721,50.8737946,0 -0.2845609,50.8738149,0 -0.2839279,50.8739436,0 -0.2829838,50.8742482,0 -0.2815139,50.8747425,0 -0.2800441,50.8751961,0 -0.2787459,50.8755955,0 -0.277791,50.8759204,0 -0.2766645,50.8762792,0 -0.2755809,50.8766854,0 -0.2747762,50.8769901,0 -0.2743149,50.8771932,0 -0.2733493,50.8777483,0 -0.2725875,50.8781883,0 -0.2715898,50.8788517,0 -0.2709782,50.8792647,0 -0.2702808,50.8796708,0 -0.2695513,50.8800499,0 -0.2687788,50.8804425,0 -0.2682745,50.8806524,0 -0.267663,50.8809434,0 -0.2668691,50.8811601,0 -0.2659464,50.8813293,0 -0.2649486,50.8815121,0 -0.2637792,50.8816677,0 -0.2628887,50.8817016,0 -0.2609682,50.8817964,0 -0.2593267,50.8818911,0 -0.2576959,50.8819791,0 -0.2570093,50.8819724,0 -0.2566552,50.8819317,0 -0.2562475,50.8819656,0 -0.2558076,50.8820603,0 -0.2553034,50.8821416,0 -0.2547884,50.8822363,0 -0.2544343,50.8823379,0 -0.2539623,50.8825409,0 -0.2530825,50.8830418,0 -0.2525461,50.8834074,0 -0.2521491,50.8835969,0 -0.2515912,50.8838541,0 -0.2513766,50.8840233,0 -0.251205,50.8843144,0 -0.2508831,50.884795,0 -0.2505934,50.8850522,0 -0.2502072,50.8852417,0 -0.2497995,50.8852958,0 -0.2492952,50.8853364,0 -0.2487159,50.8853432,0 -0.2483833,50.8852484,0 -0.2475357,50.8850251,0 -0.2470636,50.88491,0 -0.2459264,50.8841587,0 -0.2445424,50.883184,0 -0.2442527,50.8829945,0 -0.243963,50.88292,0 -0.2431798,50.8828523,0 -0.2424932,50.8828388,0 -0.2419782,50.8829742,0 -0.2411413,50.8831772,0 -0.2405941,50.8832788,0 -0.240047,50.8833058,0 -0.2395535,50.8833532,0 -0.2386844,50.8835766,0 -0.2381372,50.8837593,0 -0.2371073,50.8840978,0 -0.2364635,50.8843347,0 -0.2361417,50.8843753,0 -0.2357769,50.884355,0 -0.2354121,50.8842399,0 -0.2351332,50.884179,0 -0.2345324,50.8842264,0 -0.2334058,50.8842941,0 -0.2314854,50.8843618,0 -0.2307236,50.8843821,0 -0.2302945,50.8844565,0 -0.229758,50.8844227,0 -0.2292323,50.8843821,0 -0.2288246,50.8843279,0 -0.2285242,50.8843076,0 -0.2281487,50.8842128,0 -0.227623,50.8841249,0 -0.2270007,50.8840775,0 -0.2267432,50.8841316,0 -0.2264214,50.8840166,0 -0.225445,50.8838541,0 -0.2241468,50.8835766,0 -0.2229881,50.8833058,0 -0.2222693,50.8831569,0 -0.2208424,50.8828455,0 -0.2202845,50.8826357,0 -0.2201235,50.8825883,0 -0.2192545,50.8826222,0 -0.2185142,50.8826763,0 -0.2176774,50.8827711,0 -0.2171087,50.88292,0 -0.2166581,50.8830757,0 -0.2160788,50.8834074,0 -0.2154779,50.8837052,0 -0.215199,50.8838067,0 -0.2151132,50.8839421,0 -0.2148342,50.8841316,0 -0.2145875,50.8841925,0 -0.2141905,50.8844565,0 -0.2136433,50.8847408,0 -0.2133,50.8848017,0 -0.2130425,50.8849574,0 -0.2127099,50.8851198,0
a230	4681	v162	v162	8	-164	-0.2127099,50.8851198,0 -0.2126455,50.8853974,0 -0.2122486,50.8855327,0 -0.2120125,50.8856207,0 -0.2117336,50.8858644,0 -0.2113903,50.8859862,0 -0.2109826,50.8860404,0 -0.2107143,50.8860607,0 -0.2101135,50.8862502,0 -0.2099311,50.886372,0 -0.2096951,50.8865818,0 -0.2091372,50.886751,0 -0.2087295,50.8869812,0 -0.2083969,50.8872181,0 -0.2079248,50.8875091,0 -0.2075493,50.8877392,0 -0.207206,50.8878069,0 -0.2068305,50.8877866,0 -0.2065623,50.8876851,0 -0.2064013,50.8875632,0 -0.2062404,50.8874346,0 -0.2059615,50.8876445,0 -0.2056503,50.8877054,0 -0.2051032,50.8877527,0 -0.2046955,50.8877663,0 -0.2042449,50.8878137,0 -0.203923,50.887834,0 -0.2036226,50.8878746,0 -0.2034187,50.8879626,0 -0.2032471,50.8881453,0 -0.2030754,50.8883754,0 -0.2030754,50.8886258,0 -0.2031183,50.8888221,0 -0.2030969,50.8889575,0 -0.2033114,50.8890522,0 -0.2035797,50.8892417,0 -0.2037728,50.8892823,0 -0.2041268,50.8894718,0 -0.2043092,50.8895666,0 -0.2045882,50.8896952,0 -0.2048242,50.889905,0 -0.2048671,50.890081,0 -0.2049315,50.8901554,0 -0.2047598,50.8902705,0 -0.2050066,50.8903246,0 -0.2051032,50.8904396,0 -0.2051997,50.8906021,0 -0.2053928,50.890751,0 -0.2056932,50.8908728,0 -0.2059722,50.8909337,0 -0.2064335,50.8909811,0 -0.2066052,50.8909743,0 -0.2068198,50.8910149,0 -0.2069485,50.8911435,0 -0.2070558,50.891421,0 -0.2070987,50.8916714,0 -0.2071631,50.8919353,0 -0.2070987,50.8921789,0 -0.2070987,50.8924293,0 -0.2072275,50.8925647,0 -0.2072811,50.8927542,0 -0.2073669,50.893079,0 -0.2074313,50.89337,0 -0.2069056,50.8934986,0 -0.2062082,50.8936136,0 -0.205822,50.8936678,0 -0.2054572,50.8937422,0 -0.2050924,50.8937422,0 -0.2048349,50.8936678,0 -0.2048028,50.8935392,0 -0.2047169,50.8933429,0 -0.2046955,50.8931332,0 -0.2047169,50.892991,0 -0.2044487,50.8928828,0 -0.204159,50.8925918,0 -0.2040088,50.8923211,0 -0.2039015,50.8920368,0 -0.2038157,50.8919353,0 -0.2037084,50.8920842,0 -0.2035153,50.8921316,0 -0.20329,50.8919894,0 -0.2031076,50.8917932,0 -0.2026355,50.8915157,0 -0.2019811,50.8912788,0 -0.2017343,50.8911909,0 -0.2011871,50.8910487,0 -0.2008224,50.8908999,0 -0.2003181,50.8905547,0 -0.2003503,50.8903652,0 -0.2003074,50.8901013,0 -0.2003825,50.8899997,0 -0.2000821,50.8900606,0 -0.1996636,50.8900539,0 -0.1990843,50.8899591,0 -0.1986337,50.8898711,0 -0.1979256,50.8896816,0 -0.197432,50.8894651,0 -0.1970887,50.8892147,0 -0.1965845,50.8889169,0 -0.196166,50.8887612,0 -0.1954687,50.8887206,0 -0.1950073,50.888795,0 -0.1948035,50.8887409,0 -0.1948035,50.8885446,0 -0.1948464,50.888416,0 -0.194782,50.888301,0 -0.1950073,50.8882333,0 -0.1953828,50.888125,0 -0.1958334,50.8879761,0 -0.1964772,50.8878678,0 -0.1970243,50.8877121,0 -0.1975179,50.8875903,0 -0.1979792,50.8874549,0 -0.1984298,50.8873399,0 -0.1990092,50.8871978,0 -0.1992559,50.8872045,0 -0.1994276,50.8871436,0 -0.1998138,50.8868323,0 -0.2002215,50.8866021,0 -0.2006185,50.8863246,0 -0.2009726,50.8861554,0 -0.2012622,50.8859998,0 -0.2015305,50.885729,0 -0.2018416,50.885465,0 -0.2020133,50.8852484,0 -0.202378,50.8849168,0 -0.2027321,50.8845987,0 -0.2033973,50.8841249,0 -0.2036655,50.8839353,0 -0.2039552,50.8837864,0 -0.2041268,50.8836443,0 -0.2045345,50.8834683,0 -0.2047813,50.8834006,0 -0.204953,50.8833126,0 -0.2055323,50.8831501,0 -0.2058971,50.8829539,0 -0.2059829,50.8828929,0 -0.2062297,50.88292,0 -0.2068198,50.8827982,0 -0.2071846,50.8827576,0 -0.2070987,50.8826154,0 -0.2071524,50.8825409,0 -0.2075171,50.8824597,0 -0.2078605,50.8824123,0 -0.2084613,50.8823853,0 -0.2088475,50.8823785,0 -0.2095342,50.8823717,0 -0.2098882,50.8823243,0 -0.2100921,50.8822837,0 -0.2107358,50.882216,0 -0.2109075,50.8821619,0 -0.2111864,50.8821551,0 -0.2118516,50.8822431,0 -0.2120554,50.8822431,0 -0.2121091,50.882392,0 -0.2120984,50.8827034,0 -0.2121413,50.8829606,0 -0.2123022,50.8832381,0 -0.2124739,50.883536,0 -0.2126133,50.883827,0 -0.212667,50.8841722,0 -0.2127528,50.884267,0 -0.2127743,50.8845174,0 -0.212785,50.8849574,0 -0.2127099,50.8851198,0
a231	3066	v82	v31	83	-101	-0.3460479,50.8684459,0 -0.3441811,50.8685813,0 -0.3420568,50.8687709,0 -0.3402758,50.8689469,0 -0.337615,50.8692719,0 -0.3355122,50.8695969,0 -0.334053,50.8695969,0 -0.3326797,50.8699219,0 -0.3311992,50.8702198,0 -0.3274655,50.8706261,0 -0.3241825,50.8714385,0 -0.3230238,50.8716823,0 -0.3215647,50.8716958,0 -0.3198051,50.8715875,0 -0.3180027,50.8706802,0 -0.3167582,50.8702334,0 -0.3162861,50.8702063,0 -0.3147411,50.8707344,0 -0.3146768,50.8709511,0 -0.3149986,50.8710729,0 -0.3153419,50.8719666,0 -0.315578,50.8729145,0 -0.315578,50.8732666,0 -0.3141189,50.8732124,0 -0.312767,50.872901,0 -0.3115439,50.872427,0 -0.3101492,50.8727791,0 -0.309484,50.8728603,0
a232	55	v142	v129	125	-43	-0.3869033,50.8573943,0 -0.38656,50.8572453,0 -0.3863132,50.8570793,0
a233	227	v142	v140	-81	65	-0.3869033,50.8573943,0 -0.3877401,50.8574755,0 -0.3886843,50.8574078,0 -0.3895855,50.8574078,0 -0.390079,50.8572656,0
a234	148	v140	v139	136	-39	-0.390079,50.8572656,0 -0.3894353,50.8568389,0 -0.3887916,50.8564732,0 -0.3885984,50.8563242,0
a235	191	v139	v158	169	32	-0.3885984,50.8563242,0 -0.3884697,50.8559043,0 -0.3881907,50.8557688,0 -0.3884697,50.8554031,0 -0.3890276,50.8548477,0
a236	659	v156	v158	101	-46	-0.3968811,50.8575162,0 -0.3959584,50.8574078,0 -0.3954649,50.8570285,0 -0.3948426,50.8566899,0 -0.3938985,50.8563919,0 -0.3922033,50.8559585,0 -0.3917634,50.8559517,0 -0.3917527,50.8557824,0 -0.3905511,50.8557146,0 -0.3899932,50.8554302,0 -0.3890276,50.8548477,0
a237	2391	v158	v92	-156	63	-0.3890276,50.8548477,0 -0.3894997,50.8541704,0 -0.3897786,50.8537234,0 -0.3901434,50.8534795,0 -0.3907013,50.8534389,0 -0.3913236,50.8532628,0 -0.3917956,50.8532628,0 -0.392096,50.8531273,0 -0.3917527,50.8527751,0 -0.3915596,50.8524906,0 -0.3913665,50.8521113,0 -0.3913665,50.851732,0 -0.3914094,50.8507973,0 -0.3914094,50.8500522,0 -0.3914094,50.8494425,0 -0.3912377,50.8486568,0 -0.391345,50.8482368,0 -0.3917742,50.8480742,0 -0.392611,50.8480607,0 -0.3936195,50.8478846,0 -0.3951001,50.8476813,0 -0.3958297,50.847573,0 -0.3962159,50.8473291,0 -0.3966236,50.8471259,0 -0.3968167,50.8473426,0 -0.3973317,50.848142,0 -0.3976107,50.8486974,0 -0.3979111,50.8491174,0 -0.3981471,50.849578,0 -0.3983402,50.8498083,0 -0.3988767,50.8497541,0 -0.3996921,50.8495238,0 -0.4005933,50.8493477,0 -0.4012799,50.8492393,0 -0.4019022,50.8491987,0 -0.4023099,50.8491445,0 -0.4031253,50.8493342,0 -0.4039621,50.849578,0 -0.4043055,50.8496864,0 -0.4043698,50.8498354,0 -0.4045415,50.8495916,0 -0.4047024,50.849849,0 -0.4048419,50.8495645,0 -0.4049599,50.8498151,0 -0.4052281,50.8495577,0 -0.4051852,50.8498693,0 -0.4053354,50.8498693,0 -0.4055607,50.8496119,0 -0.4057217,50.8493545,0 -0.4058933,50.8492122,0 -0.406183,50.8489819,0 -0.4063533,50.8489277,0
a238	870	v91	v163	171	-60	-0.4230809,50.8625276,0 -0.4229307,50.8619317,0 -0.4223299,50.8614983,0 -0.4219866,50.8606856,0 -0.4214287,50.8597104,0 -0.4208279,50.8588978,0 -0.4195404,50.8577871,0 -0.4179096,50.8563784,0 -0.4168797,50.8559991,0
a239	822	v163	v164	120	-33	-0.4168797,50.8559991,0 -0.4143047,50.8550509,0 -0.4119444,50.8542652,0 -0.4103136,50.8535879,0 -0.4090261,50.8521249,0 -0.4082322,50.8513527,0
a240	300	v164	v92	153	-21	-0.4082322,50.8513527,0 -0.4078138,50.8508379,0 -0.4074383,50.8503096,0 -0.4071486,50.8499641,0 -0.4068911,50.8496932,0 -0.4065263,50.8492055,0 -0.4063533,50.8489277,0
a241	997	v164	v163	42	47	-0.4082322,50.8513527,0 -0.4080069,50.8515085,0 -0.4080606,50.8516914,0 -0.4080284,50.8518133,0 -0.4081464,50.8520097,0 -0.4080713,50.8521587,0 -0.4080498,50.8522468,0 -0.4081893,50.8523552,0 -0.4082644,50.8525313,0 -0.4084146,50.8527142,0 -0.4084146,50.8529241,0 -0.4085219,50.8531341,0 -0.4086828,50.8534186,0 -0.408833,50.8537369,0 -0.4089725,50.8539198,0 -0.4091871,50.8542923,0 -0.4094446,50.8545836,0 -0.4095519,50.8548003,0 -0.4097879,50.8550577,0 -0.4099488,50.8551999,0 -0.4101741,50.8552879,0 -0.4105926,50.8553557,0 -0.4109144,50.8554031,0 -0.4112363,50.8553286,0 -0.4116869,50.8552541,0 -0.4120409,50.8551796,0 -0.4123092,50.8552067,0 -0.4128885,50.8552405,0 -0.4134035,50.8553286,0 -0.4139507,50.8554437,0 -0.4142511,50.8555385,0 -0.4146695,50.8556808,0 -0.4149163,50.8558569,0 -0.4150343,50.8558907,0 -0.4153025,50.8559449,0 -0.4155278,50.8559855,0 -0.4157209,50.8560262,0 -0.4160106,50.8561278,0 -0.4162574,50.8561955,0 -0.4164934,50.856209,0 -0.4166973,50.8561075,0 -0.4168797,50.8559991,0
a242	1417	v88	v91	180	-8	-0.4261494,50.8748508,0 -0.4261494,50.8741467,0 -0.4260206,50.8736592,0 -0.4257631,50.872928,0 -0.4252052,50.8717635,0 -0.4249477,50.8710323,0 -0.4241323,50.8697865,0 -0.4241323,50.8691094,0 -0.4234028,50.8681886,0 -0.4234886,50.8677552,0 -0.423789,50.867051,0 -0.4238319,50.8662655,0 -0.4235744,50.8655884,0 -0.4235744,50.8648029,0 -0.4237032,50.8639632,0 -0.4232311,50.8632048,0 -0.4230809,50.8625276,0
a243	6820	v88	v165	-8	-52	-0.4261494,50.8748508,0 -0.4265785,50.8768276,0 -0.4269218,50.8778566,0 -0.4270935,50.8789397,0 -0.4276943,50.8810518,0 -0.4279518,50.8834344,0 -0.4286385,50.8846799,0 -0.4293251,50.885438,0 -0.4309559,50.8868458,0 -0.4323292,50.8878746,0 -0.4325008,50.8889575,0 -0.4328442,50.8897155,0 -0.4340458,50.8904735,0 -0.4347324,50.8913939,0 -0.4359341,50.8913939,0 -0.4381657,50.8920977,0 -0.4405689,50.8932347,0 -0.4421139,50.8936678,0 -0.4429722,50.8941009,0 -0.442028,50.8947505,0 -0.4401398,50.8946964,0 -0.436964,50.8952919,0 -0.4351616,50.8959415,0 -0.433445,50.8959415,0 -0.4300117,50.896537,0 -0.427866,50.8966994,0 -0.4255486,50.8966453,0 -0.4239178,50.8964288,0 -0.4219437,50.8962664,0 -0.4209137,50.8962664,0 -0.4185963,50.8958333,0 -0.4173946,50.8957791,0 -0.4149055,50.8963746,0 -0.4133606,50.8968077,0 -0.4119873,50.8968077,0 -0.4114723,50.8963476,0 -0.410614,50.8964829,0 -0.410099,50.8962393,0 -0.410099,50.8955355,0 -0.4101419,50.8951566,0 -0.4094982,50.8950754,0 -0.4090261,50.8951024,0 -0.4092836,50.8956979,0 -0.4092836,50.8961581,0 -0.4089832,50.8966453,0 -0.4083824,50.8967265,0 -0.4074812,50.89651,0 -0.4068804,50.8966453,0 -0.4056358,50.8966994,0 -0.4048634,50.8967536,0 -0.4033184,50.8971055,0 -0.4020739,50.8972408,0 -0.4008293,50.8973491,0 -0.3997135,50.8971325,0 -0.3988981,50.8967265,0 -0.3977394,50.8965641,0 -0.396452,50.896104,0 -0.3956795,50.895725,0 -0.3958941,50.895346,0 -0.3961945,50.8947776,0 -0.3956366,50.8946423,0 -0.3952503,50.894155,0 -0.3944349,50.8937219,0 -0.393877,50.8934512,0
a244	1946	v165	v83	34	-42	-0.393877,50.8934512,0 -0.3933191,50.8939655,0 -0.3925037,50.8945611,0 -0.3912592,50.8951295,0 -0.3902292,50.8955355,0 -0.3884697,50.8960769,0 -0.3871822,50.8963476,0 -0.3855944,50.8964017,0 -0.3831053,50.8962934,0 -0.3823328,50.8964288,0 -0.3817749,50.8962393,0 -0.3808737,50.8961852,0 -0.3803587,50.8964017,0 -0.379715,50.8960498,0 -0.3784704,50.8953731,0 -0.3774834,50.8946964,0 -0.3768396,50.8938843,0 -0.3763676,50.8933429,0 -0.3758526,50.8922331,0 -0.3755522,50.8913939,0 -0.3747368,50.8908254,0 -0.3736639,50.8900674,0
a245	461	v124	v136	-152	2	-0.3858089,50.8519894,0 -0.3865814,50.8510682,0 -0.3875685,50.8496593,0 -0.3885555,50.8486568,0 -0.388577,50.8482774,0
a246	237	v121	v124	-178	12	-0.3855515,50.8541027,0 -0.3855944,50.8531815,0 -0.3855944,50.8526397,0 -0.3858089,50.8519894,0
a247	259	v131	v130	-162	-47	-0.3886735,50.8384542,0 -0.3888988,50.838007,0 -0.3879976,50.8377631,0 -0.3873968,50.837194,0 -0.3867531,50.8368145,0
a248	111	v130	v95	11	-142	-0.3867531,50.8368145,0 -0.3865385,50.8374921,0 -0.3862381,50.837736,0
a249	524	v160	v131	180	-61	-0.39186,50.841415,0 -0.39186,50.8410288,0 -0.3909159,50.8411101,0 -0.3902507,50.8412456,0 -0.389843,50.8413133,0 -0.389607,50.8407713,0 -0.3892636,50.8394705,0 -0.3889418,50.8385491,0 -0.3886735,50.8384542,0
a250	902	v87	v153	-124	67	-0.3839207,50.8678906,0 -0.3850794,50.8674031,0 -0.3870106,50.8669156,0 -0.3892851,50.8663468,0 -0.3924179,50.8656967,0 -0.3944778,50.8654259,0 -0.3958941,50.8650467,0
a251	147	v154	v153	96	-83	-0.3979754,50.8651957,0 -0.396924,50.8651279,0 -0.3958941,50.8650467,0
a252	89	v154	v152	69	-133	-0.3979754,50.8651957,0 -0.3975892,50.8652905,0 -0.3972673,50.8653175,0 -0.3968811,50.8655478,0
a253	1266	v152	v166	-29	79	-0.3968811,50.8655478,0 -0.3970957,50.8657915,0 -0.3973532,50.8663739,0 -0.3975892,50.867051,0 -0.3977394,50.8675927,0 -0.3978896,50.8678229,0 -0.3983402,50.867999,0 -0.3984904,50.8682427,0 -0.3984904,50.8686761,0 -0.3984261,50.8696646,0 -0.3982759,50.8702604,0 -0.3986835,50.8702604,0 -0.3995419,50.8702198,0 -0.400722,50.8702334,0 -0.4014945,50.8702063,0 -0.4016876,50.8699896,0 -0.4021168,50.8693667,0 -0.4025245,50.8687979,0 -0.4028463,50.8684594,0 -0.4033613,50.8683781,0 -0.4043698,50.8682427,0 -0.4058933,50.8679448,0 -0.4065371,50.8678635,0
a254	79	v89	v166	133	-47	-0.4073524,50.8683511,0 -0.4065371,50.8678635,0
a255	719	v166	v154	160	-88	-0.4065371,50.8678635,0 -0.4061508,50.8671864,0 -0.4050565,50.8666041,0 -0.4042196,50.8661572,0 -0.4026318,50.8656426,0 -0.4016018,50.8655071,0 -0.4009581,50.8652634,0 -0.3979754,50.8651957,0
a256	715	v89	v90	-163	3	-0.4073524,50.8683511,0 -0.4075885,50.86785,0 -0.4077816,50.8676062,0 -0.4079747,50.8668885,0 -0.4082537,50.866103,0 -0.4082537,50.8656561,0 -0.408082,50.8648706,0 -0.4082322,50.8644914,0 -0.4084468,50.8640445,0 -0.408361,50.8633809,0 -0.408361,50.8629204,0 -0.4079747,50.8625005,0 -0.4078031,50.8623786,0 -0.4078245,50.8621484,0
a257	319	v90	v155	118	-16	-0.4078245,50.8621484,0 -0.4069662,50.861864,0 -0.4061079,50.8616066,0 -0.4049063,50.861417,0 -0.404048,50.8612409,0 -0.4039192,50.8609498,0
a258	330	v156	v146	71	-109	-0.3968811,50.8575162,0 -0.3956366,50.8577871,0 -0.3941131,50.8580444,0 -0.3928685,50.8581934,0 -0.3923643,50.8583052,0
a259	296	v140	v120	9	-130	-0.390079,50.8572656,0 -0.3899717,50.8576923,0 -0.3899503,50.8581799,0 -0.3898644,50.8585321,0 -0.3894353,50.858979,0 -0.3889847,50.859426,0 -0.388577,50.8596427,0
a260	543	v167	v113	27	-107	-0.3871822,50.8597375,0 -0.3870106,50.8599542,0 -0.3866243,50.8601303,0 -0.3861952,50.8602522,0 -0.3856802,50.8602793,0 -0.3855085,50.8605231,0 -0.3850579,50.8604012,0 -0.3847146,50.8604012,0 -0.3841567,50.8607669,0 -0.382762,50.8613764,0 -0.3819251,50.8616202,0 -0.3807664,50.8618369,0
a261	385	v115	v117	-156	-127	-0.3877401,50.8597511,0 -0.3879011,50.8595208,0 -0.3880405,50.8593312,0 -0.3879762,50.8590603,0 -0.3877509,50.8587894,0 -0.3875041,50.8585795,0 -0.3869355,50.8583424,0 -0.3863347,50.8581392,0 -0.3856158,50.8579835,0 -0.3849185,50.8580986,0 -0.3844571,50.8583153,0
a262	31	v128	v115	70	-110	-0.3881586,50.8596563,0 -0.3877401,50.8597511,0
a263	2650	v165	v150	-137	-122	-0.393877,50.8934512,0 -0.3944349,50.8930722,0 -0.394907,50.8924767,0 -0.395937,50.8918812,0 -0.3965807,50.8913939,0 -0.3985119,50.8895531,0 -0.3996277,50.8886055,0 -0.4002714,50.8879287,0 -0.4013014,50.8869812,0 -0.4019022,50.8864397,0 -0.4032326,50.8856275,0 -0.4046488,50.8847611,0 -0.4060221,50.8841655,0 -0.4064941,50.8833261,0 -0.4071379,50.8828659,0 -0.4072666,50.882216,0 -0.4073524,50.8818099,0 -0.4062796,50.8816474,0 -0.40555,50.8814308,0 -0.4037046,50.8807539,0 -0.4031038,50.8804831,0 -0.4018164,50.8804019,0 -0.4011297,50.8798062,0 -0.3997135,50.8792376,0 -0.3973961,50.878696,0 -0.3965807,50.8784252,0 -0.3956366,50.8785606,0 -0.3946495,50.8789533,0
a264	1348	v86	v150	-41	47	-0.3777409,50.879373,0 -0.378685,50.8800499,0 -0.3794146,50.8808081,0 -0.3804016,50.8812413,0 -0.3820753,50.8812548,0 -0.3827405,50.8813225,0 -0.383513,50.8812413,0 -0.3840065,50.8812413,0 -0.3866673,50.8807945,0 -0.3872466,50.8806727,0 -0.3885555,50.8804154,0 -0.3895855,50.8805508,0 -0.3901649,50.8802801,0 -0.390873,50.8801041,0 -0.3921175,50.8798604,0 -0.39289,50.8797114,0 -0.3936195,50.879549,0 -0.3946495,50.8789533,0
a265	41	v151	v85	57	-123	-0.3829122,50.8728333,0 -0.3824186,50.8730364,0
a266	593	v85	v87	180	-15	-0.3824186,50.8730364,0 -0.3824186,50.872576,0 -0.3829336,50.871926,0 -0.3833199,50.8709375,0 -0.3838348,50.8699625,0 -0.3840494,50.8689875,0 -0.3840923,50.8682969,0 -0.3839207,50.8678906,0
a267	307	v167	v117	-169	6	-0.3871822,50.8597375,0 -0.3872681,50.8594531,0 -0.3870535,50.8593718,0 -0.3867745,50.8593583,0 -0.3865814,50.8592093,0 -0.3865385,50.8590061,0 -0.3863454,50.8588436,0 -0.3860235,50.8589519,0 -0.385766,50.8588842,0 -0.385251,50.8588842,0 -0.3849506,50.8587217,0 -0.3844357,50.8584508,0 -0.3844571,50.8583153,0
a268	39	v115	v167	92	-88	-0.3877401,50.8597511,0 -0.3871822,50.8597375,0
a269	71	v141	v147	-148	83	-0.3914201,50.8590129,0 -0.3914925,50.8589384,0 -0.3916776,50.8589249,0 -0.3919163,50.8589062,0 -0.3921872,50.8588808,0 -0.3923535,50.8588673,0
a270	63	v147	v146	164	5	-0.3923535,50.8588673,0 -0.392324,50.8588029,0 -0.3923482,50.8587369,0 -0.3923643,50.8586336,0 -0.3923535,50.8585354,0 -0.3923669,50.8584576,0 -0.3923562,50.8583695,0 -0.3923643,50.8583052,0
